2026-02-11 14:53:59,365 - INFO - [offensive_security_ai.py:49] - Memory usage at start_load_model: 725.53 MB
2026-02-11 14:53:59,366 - INFO - [offensive_security_ai.py:84] - Starting model loading process
2026-02-11 14:53:59,366 - INFO - [offensive_security_ai.py:85] - Model: distilgpt2, Device: cuda
2026-02-11 14:53:59,368 - INFO - [offensive_security_ai.py:94] - Loading model: distilgpt2
2026-02-11 14:53:59,368 - INFO - [offensive_security_ai.py:49] - Memory usage at before_tokenizer: 725.53 MB
2026-02-11 14:53:59,368 - INFO - [offensive_security_ai.py:105] - 8-bit quantization available
2026-02-11 14:53:59,369 - INFO - [offensive_security_ai.py:111] - Loading tokenizer...
2026-02-11 14:53:59,389 - DEBUG - [_trace.py:47] - connect_tcp.started host='huggingface.co' port=443 local_address=None timeout=10 socket_options=None
2026-02-11 14:53:59,446 - DEBUG - [_trace.py:47] - connect_tcp.complete return_value=<httpcore._backends.sync.SyncStream object at 0x746ab56393a0>
2026-02-11 14:53:59,446 - DEBUG - [_trace.py:47] - start_tls.started ssl_context=<ssl.SSLContext object at 0x746ab55f2fd0> server_hostname='huggingface.co' timeout=10
2026-02-11 14:53:59,496 - DEBUG - [_trace.py:47] - start_tls.complete return_value=<httpcore._backends.sync.SyncStream object at 0x746ab56391c0>
2026-02-11 14:53:59,497 - DEBUG - [_trace.py:47] - send_request_headers.started request=<Request [b'HEAD']>
2026-02-11 14:53:59,497 - DEBUG - [_trace.py:47] - send_request_headers.complete
2026-02-11 14:53:59,497 - DEBUG - [_trace.py:47] - send_request_body.started request=<Request [b'HEAD']>
2026-02-11 14:53:59,498 - DEBUG - [_trace.py:47] - send_request_body.complete
2026-02-11 14:53:59,498 - DEBUG - [_trace.py:47] - receive_response_headers.started request=<Request [b'HEAD']>
2026-02-11 14:53:59,547 - DEBUG - [_trace.py:47] - receive_response_headers.complete return_value=(b'HTTP/1.1', 200, b'OK', [(b'Content-Type', b'text/plain; charset=utf-8'), (b'Content-Length', b'762'), (b'Connection', b'keep-alive'), (b'Date', b'Wed, 11 Feb 2026 19:53:59 GMT'), (b'ETag', b'"fed02aafb76b46aa5da200966f9e42262e758023"'), (b'X-Powered-By', b'huggingface-moon'), (b'X-Request-Id', b'Root=1-698cde57-0b30f3f36c25edad7137e281;a5e98974-f1f7-473a-9fbc-b8a0f86dc96a'), (b'RateLimit', b'"resolvers";r=2999;t=221'), (b'RateLimit-Policy', b'"fixed window";"resolvers";q=3000;w=300'), (b'cross-origin-opener-policy', b'same-origin'), (b'Referrer-Policy', b'strict-origin-when-cross-origin'), (b'Access-Control-Max-Age', b'86400'), (b'Access-Control-Allow-Origin', b'https://huggingface.co'), (b'Vary', b'Origin'), (b'Access-Control-Expose-Headers', b'X-Repo-Commit,X-Request-Id,X-Error-Code,X-Error-Message,X-Total-Count,ETag,Link,Accept-Ranges,Content-Range,X-Linked-Size,X-Linked-ETag,X-Xet-Hash'), (b'X-Repo-Commit', b'2290a62682d06624634c1f46a6ad5be0f47f38aa'), (b'Accept-Ranges', b'bytes'), (b'X-Hub-Cache', b'HIT'), (b'Content-Disposition', b'inline; filename*=UTF-8\'\'config.json; filename="config.json";'), (b'Content-Security-Policy', b"default-src 'none'; sandbox"), (b'X-Cache', b'Miss from cloudfront'), (b'Via', b'1.1 1fd5476b431041b9efffa2f96bd13040.cloudfront.net (CloudFront)'), (b'X-Amz-Cf-Pop', b'ORD58-P13'), (b'X-Amz-Cf-Id', b'RzIw5uHdWJIF6Z5m1Gn_hohChxTRg2TXUrlabF00m5T1-0UbdXqEcg==')])
2026-02-11 14:53:59,548 - INFO - [_client.py:1025] - HTTP Request: HEAD https://huggingface.co/distilgpt2/resolve/main/config.json "HTTP/1.1 200 OK"
2026-02-11 14:53:59,548 - DEBUG - [_trace.py:47] - receive_response_body.started request=<Request [b'HEAD']>
2026-02-11 14:53:59,548 - DEBUG - [_trace.py:47] - receive_response_body.complete
2026-02-11 14:53:59,549 - DEBUG - [_trace.py:47] - response_closed.started
2026-02-11 14:53:59,549 - DEBUG - [_trace.py:47] - response_closed.complete
2026-02-11 14:53:59,553 - DEBUG - [_api.py:331] - Attempting to acquire lock 128001726883904 on /home/acloudsecninja/.cache/huggingface/hub/.locks/models--distilgpt2/fed02aafb76b46aa5da200966f9e42262e758023.lock
2026-02-11 14:53:59,553 - DEBUG - [_api.py:334] - Lock 128001726883904 acquired on /home/acloudsecninja/.cache/huggingface/hub/.locks/models--distilgpt2/fed02aafb76b46aa5da200966f9e42262e758023.lock
2026-02-11 14:53:59,554 - DEBUG - [_trace.py:47] - send_request_headers.started request=<Request [b'GET']>
2026-02-11 14:53:59,554 - DEBUG - [_trace.py:47] - send_request_headers.complete
2026-02-11 14:53:59,554 - DEBUG - [_trace.py:47] - send_request_body.started request=<Request [b'GET']>
2026-02-11 14:53:59,554 - DEBUG - [_trace.py:47] - send_request_body.complete
2026-02-11 14:53:59,555 - DEBUG - [_trace.py:47] - receive_response_headers.started request=<Request [b'GET']>
2026-02-11 14:53:59,603 - DEBUG - [_trace.py:47] - receive_response_headers.complete return_value=(b'HTTP/1.1', 200, b'OK', [(b'Content-Type', b'text/plain; charset=utf-8'), (b'Content-Length', b'762'), (b'Connection', b'keep-alive'), (b'Date', b'Wed, 11 Feb 2026 19:53:59 GMT'), (b'ETag', b'"fed02aafb76b46aa5da200966f9e42262e758023"'), (b'X-Powered-By', b'huggingface-moon'), (b'X-Request-Id', b'Root=1-698cde57-6cd6fd730ae0297b129072b9;5d2ef826-241b-42f5-9e0c-614df2e07f46'), (b'RateLimit', b'"resolvers";r=2998;t=221'), (b'RateLimit-Policy', b'"fixed window";"resolvers";q=3000;w=300'), (b'cross-origin-opener-policy', b'same-origin'), (b'Referrer-Policy', b'strict-origin-when-cross-origin'), (b'Access-Control-Max-Age', b'86400'), (b'Access-Control-Allow-Origin', b'https://huggingface.co'), (b'Vary', b'Origin'), (b'Access-Control-Expose-Headers', b'X-Repo-Commit,X-Request-Id,X-Error-Code,X-Error-Message,X-Total-Count,ETag,Link,Accept-Ranges,Content-Range,X-Linked-Size,X-Linked-ETag,X-Xet-Hash'), (b'X-Repo-Commit', b'2290a62682d06624634c1f46a6ad5be0f47f38aa'), (b'Accept-Ranges', b'bytes'), (b'Content-Disposition', b'inline; filename*=UTF-8\'\'config.json; filename="config.json";'), (b'Content-Security-Policy', b"default-src 'none'; sandbox"), (b'X-Cache', b'Miss from cloudfront'), (b'Via', b'1.1 1fd5476b431041b9efffa2f96bd13040.cloudfront.net (CloudFront)'), (b'X-Amz-Cf-Pop', b'ORD58-P13'), (b'X-Amz-Cf-Id', b'qdGDmbJ7tJ-5Bk9-YbuD1VTsgqBoy-W_kDSDl0wpfiXhneM1uvNChw==')])
2026-02-11 14:53:59,604 - INFO - [_client.py:1025] - HTTP Request: GET https://huggingface.co/distilgpt2/resolve/main/config.json "HTTP/1.1 200 OK"
2026-02-11 14:53:59,605 - DEBUG - [_trace.py:47] - receive_response_body.started request=<Request [b'GET']>
2026-02-11 14:53:59,605 - DEBUG - [_trace.py:47] - receive_response_body.complete
2026-02-11 14:53:59,606 - DEBUG - [_trace.py:47] - response_closed.started
2026-02-11 14:53:59,606 - DEBUG - [_trace.py:47] - response_closed.complete
2026-02-11 14:53:59,607 - DEBUG - [_api.py:364] - Attempting to release lock 128001726883904 on /home/acloudsecninja/.cache/huggingface/hub/.locks/models--distilgpt2/fed02aafb76b46aa5da200966f9e42262e758023.lock
2026-02-11 14:53:59,607 - DEBUG - [_api.py:367] - Lock 128001726883904 released on /home/acloudsecninja/.cache/huggingface/hub/.locks/models--distilgpt2/fed02aafb76b46aa5da200966f9e42262e758023.lock
2026-02-11 14:53:59,610 - DEBUG - [_trace.py:47] - send_request_headers.started request=<Request [b'HEAD']>
2026-02-11 14:53:59,611 - DEBUG - [_trace.py:47] - send_request_headers.complete
2026-02-11 14:53:59,611 - DEBUG - [_trace.py:47] - send_request_body.started request=<Request [b'HEAD']>
2026-02-11 14:53:59,611 - DEBUG - [_trace.py:47] - send_request_body.complete
2026-02-11 14:53:59,611 - DEBUG - [_trace.py:47] - receive_response_headers.started request=<Request [b'HEAD']>
2026-02-11 14:53:59,662 - DEBUG - [_trace.py:47] - receive_response_headers.complete return_value=(b'HTTP/1.1', 200, b'OK', [(b'Content-Type', b'text/plain; charset=utf-8'), (b'Content-Length', b'26'), (b'Connection', b'keep-alive'), (b'Date', b'Wed, 11 Feb 2026 19:53:59 GMT'), (b'ETag', b'"be4d21d94f3b4687e5a54d84bf6ab46ed0f8defd"'), (b'X-Powered-By', b'huggingface-moon'), (b'X-Request-Id', b'Root=1-698cde57-315239784dd1b9a47ae1207a;23efd035-670c-4ebe-81b4-09e10b66fce5'), (b'RateLimit', b'"resolvers";r=2997;t=221'), (b'RateLimit-Policy', b'"fixed window";"resolvers";q=3000;w=300'), (b'cross-origin-opener-policy', b'same-origin'), (b'Referrer-Policy', b'strict-origin-when-cross-origin'), (b'Access-Control-Max-Age', b'86400'), (b'Access-Control-Allow-Origin', b'https://huggingface.co'), (b'Vary', b'Origin'), (b'Access-Control-Expose-Headers', b'X-Repo-Commit,X-Request-Id,X-Error-Code,X-Error-Message,X-Total-Count,ETag,Link,Accept-Ranges,Content-Range,X-Linked-Size,X-Linked-ETag,X-Xet-Hash'), (b'X-Repo-Commit', b'2290a62682d06624634c1f46a6ad5be0f47f38aa'), (b'Accept-Ranges', b'bytes'), (b'X-Hub-Cache', b'HIT'), (b'Content-Disposition', b'inline; filename*=UTF-8\'\'tokenizer_config.json; filename="tokenizer_config.json";'), (b'Content-Security-Policy', b"default-src 'none'; sandbox"), (b'X-Cache', b'Miss from cloudfront'), (b'Via', b'1.1 1fd5476b431041b9efffa2f96bd13040.cloudfront.net (CloudFront)'), (b'X-Amz-Cf-Pop', b'ORD58-P13'), (b'X-Amz-Cf-Id', b'j_3fMwpMG6T6cZzKi67tXFj_WYUQtX2wAD-ik1rM8V5Qyufz2jM6eQ==')])
2026-02-11 14:53:59,663 - INFO - [_client.py:1025] - HTTP Request: HEAD https://huggingface.co/distilgpt2/resolve/main/tokenizer_config.json "HTTP/1.1 200 OK"
2026-02-11 14:53:59,663 - DEBUG - [_trace.py:47] - receive_response_body.started request=<Request [b'HEAD']>
2026-02-11 14:53:59,663 - DEBUG - [_trace.py:47] - receive_response_body.complete
2026-02-11 14:53:59,663 - DEBUG - [_trace.py:47] - response_closed.started
2026-02-11 14:53:59,664 - DEBUG - [_trace.py:47] - response_closed.complete
2026-02-11 14:53:59,664 - DEBUG - [_api.py:331] - Attempting to acquire lock 128001726883904 on /home/acloudsecninja/.cache/huggingface/hub/.locks/models--distilgpt2/be4d21d94f3b4687e5a54d84bf6ab46ed0f8defd.lock
2026-02-11 14:53:59,665 - DEBUG - [_api.py:334] - Lock 128001726883904 acquired on /home/acloudsecninja/.cache/huggingface/hub/.locks/models--distilgpt2/be4d21d94f3b4687e5a54d84bf6ab46ed0f8defd.lock
2026-02-11 14:53:59,665 - DEBUG - [_trace.py:47] - send_request_headers.started request=<Request [b'GET']>
2026-02-11 14:53:59,665 - DEBUG - [_trace.py:47] - send_request_headers.complete
2026-02-11 14:53:59,666 - DEBUG - [_trace.py:47] - send_request_body.started request=<Request [b'GET']>
2026-02-11 14:53:59,666 - DEBUG - [_trace.py:47] - send_request_body.complete
2026-02-11 14:53:59,666 - DEBUG - [_trace.py:47] - receive_response_headers.started request=<Request [b'GET']>
2026-02-11 14:53:59,712 - DEBUG - [_trace.py:47] - receive_response_headers.complete return_value=(b'HTTP/1.1', 200, b'OK', [(b'Content-Type', b'text/plain; charset=utf-8'), (b'Content-Length', b'26'), (b'Connection', b'keep-alive'), (b'Date', b'Wed, 11 Feb 2026 19:53:59 GMT'), (b'ETag', b'"be4d21d94f3b4687e5a54d84bf6ab46ed0f8defd"'), (b'X-Powered-By', b'huggingface-moon'), (b'X-Request-Id', b'Root=1-698cde57-3577661e7371adc8782f7160;f972e149-bd7a-4bb1-bd52-ebdcc0455f38'), (b'RateLimit', b'"resolvers";r=2996;t=221'), (b'RateLimit-Policy', b'"fixed window";"resolvers";q=3000;w=300'), (b'cross-origin-opener-policy', b'same-origin'), (b'Referrer-Policy', b'strict-origin-when-cross-origin'), (b'Access-Control-Max-Age', b'86400'), (b'Access-Control-Allow-Origin', b'https://huggingface.co'), (b'Vary', b'Origin'), (b'Access-Control-Expose-Headers', b'X-Repo-Commit,X-Request-Id,X-Error-Code,X-Error-Message,X-Total-Count,ETag,Link,Accept-Ranges,Content-Range,X-Linked-Size,X-Linked-ETag,X-Xet-Hash'), (b'X-Repo-Commit', b'2290a62682d06624634c1f46a6ad5be0f47f38aa'), (b'Accept-Ranges', b'bytes'), (b'Content-Disposition', b'inline; filename*=UTF-8\'\'tokenizer_config.json; filename="tokenizer_config.json";'), (b'Content-Security-Policy', b"default-src 'none'; sandbox"), (b'X-Cache', b'Miss from cloudfront'), (b'Via', b'1.1 1fd5476b431041b9efffa2f96bd13040.cloudfront.net (CloudFront)'), (b'X-Amz-Cf-Pop', b'ORD58-P13'), (b'X-Amz-Cf-Id', b'JF3Ck-rf8k2KUDs8dHzc2RZkY-RGEblfX64Xf4dcqd8vT-otZseObg==')])
2026-02-11 14:53:59,712 - INFO - [_client.py:1025] - HTTP Request: GET https://huggingface.co/distilgpt2/resolve/main/tokenizer_config.json "HTTP/1.1 200 OK"
2026-02-11 14:53:59,713 - DEBUG - [_trace.py:47] - receive_response_body.started request=<Request [b'GET']>
2026-02-11 14:53:59,713 - DEBUG - [_trace.py:47] - receive_response_body.complete
2026-02-11 14:53:59,713 - DEBUG - [_trace.py:47] - response_closed.started
2026-02-11 14:53:59,714 - DEBUG - [_trace.py:47] - response_closed.complete
2026-02-11 14:53:59,714 - DEBUG - [_api.py:364] - Attempting to release lock 128001726883904 on /home/acloudsecninja/.cache/huggingface/hub/.locks/models--distilgpt2/be4d21d94f3b4687e5a54d84bf6ab46ed0f8defd.lock
2026-02-11 14:53:59,714 - DEBUG - [_api.py:367] - Lock 128001726883904 released on /home/acloudsecninja/.cache/huggingface/hub/.locks/models--distilgpt2/be4d21d94f3b4687e5a54d84bf6ab46ed0f8defd.lock
2026-02-11 14:53:59,716 - DEBUG - [_trace.py:47] - send_request_headers.started request=<Request [b'GET']>
2026-02-11 14:53:59,716 - DEBUG - [_trace.py:47] - send_request_headers.complete
2026-02-11 14:53:59,716 - DEBUG - [_trace.py:47] - send_request_body.started request=<Request [b'GET']>
2026-02-11 14:53:59,717 - DEBUG - [_trace.py:47] - send_request_body.complete
2026-02-11 14:53:59,717 - DEBUG - [_trace.py:47] - receive_response_headers.started request=<Request [b'GET']>
2026-02-11 14:53:59,764 - DEBUG - [_trace.py:47] - receive_response_headers.complete return_value=(b'HTTP/1.1', 307, b'Temporary Redirect', [(b'Content-Type', b'text/plain; charset=utf-8'), (b'Content-Length', b'133'), (b'Connection', b'keep-alive'), (b'Date', b'Wed, 11 Feb 2026 19:53:59 GMT'), (b'Location', b'/api/models/distilbert/distilgpt2/tree/main/additional_chat_templates?recursive=false&expand=false'), (b'X-Powered-By', b'huggingface-moon'), (b'X-Request-Id', b'Root=1-698cde57-32fdca612e0f46fe68519aea;c3331321-f28d-4d85-a8e0-8b3e9a5cf2b6'), (b'RateLimit', b'"api";r=499;t=221'), (b'RateLimit-Policy', b'"fixed window";"api";q=500;w=300'), (b'cross-origin-opener-policy', b'same-origin'), (b'Referrer-Policy', b'strict-origin-when-cross-origin'), (b'Access-Control-Max-Age', b'86400'), (b'Access-Control-Allow-Origin', b'https://huggingface.co'), (b'Vary', b'Origin, Accept'), (b'Access-Control-Expose-Headers', b'X-Repo-Commit,X-Request-Id,X-Error-Code,X-Error-Message,X-Total-Count,ETag,Link,Accept-Ranges,Content-Range,X-Linked-Size,X-Linked-ETag,X-Xet-Hash'), (b'X-Cache', b'Miss from cloudfront'), (b'Via', b'1.1 1fd5476b431041b9efffa2f96bd13040.cloudfront.net (CloudFront)'), (b'X-Amz-Cf-Pop', b'ORD58-P13'), (b'X-Amz-Cf-Id', b'ZLOl3jVk0BshNSkafgfpm4axv7O3WISX9-N4P30HDL3x85_-x_7iOw==')])
2026-02-11 14:53:59,765 - INFO - [_client.py:1025] - HTTP Request: GET https://huggingface.co/api/models/distilgpt2/tree/main/additional_chat_templates?recursive=false&expand=false "HTTP/1.1 307 Temporary Redirect"
2026-02-11 14:53:59,765 - DEBUG - [_trace.py:47] - receive_response_body.started request=<Request [b'GET']>
2026-02-11 14:53:59,765 - DEBUG - [_trace.py:47] - receive_response_body.complete
2026-02-11 14:53:59,765 - DEBUG - [_trace.py:47] - response_closed.started
2026-02-11 14:53:59,766 - DEBUG - [_trace.py:47] - response_closed.complete
2026-02-11 14:53:59,766 - DEBUG - [_trace.py:47] - send_request_headers.started request=<Request [b'GET']>
2026-02-11 14:53:59,766 - DEBUG - [_trace.py:47] - send_request_headers.complete
2026-02-11 14:53:59,766 - DEBUG - [_trace.py:47] - send_request_body.started request=<Request [b'GET']>
2026-02-11 14:53:59,767 - DEBUG - [_trace.py:47] - send_request_body.complete
2026-02-11 14:53:59,767 - DEBUG - [_trace.py:47] - receive_response_headers.started request=<Request [b'GET']>
2026-02-11 14:53:59,814 - DEBUG - [_trace.py:47] - receive_response_headers.complete return_value=(b'HTTP/1.1', 404, b'Not Found', [(b'Content-Type', b'application/json; charset=utf-8'), (b'Content-Length', b'64'), (b'Connection', b'keep-alive'), (b'Date', b'Wed, 11 Feb 2026 19:53:59 GMT'), (b'ETag', b'W/"40-09f9IAqP13xarAhQxFS2W8rvRkM"'), (b'X-Powered-By', b'huggingface-moon'), (b'X-Request-Id', b'Root=1-698cde57-4bb94c032c7e16b4014c6023;c3331321-f28d-4d85-a8e0-8b3e9a5cf2b6'), (b'RateLimit', b'"api";r=498;t=221'), (b'RateLimit-Policy', b'"fixed window";"api";q=500;w=300'), (b'cross-origin-opener-policy', b'same-origin'), (b'Referrer-Policy', b'strict-origin-when-cross-origin'), (b'Access-Control-Max-Age', b'86400'), (b'Access-Control-Allow-Origin', b'https://huggingface.co'), (b'Vary', b'Origin'), (b'Access-Control-Expose-Headers', b'X-Repo-Commit,X-Request-Id,X-Error-Code,X-Error-Message,X-Total-Count,ETag,Link,Accept-Ranges,Content-Range,X-Linked-Size,X-Linked-ETag,X-Xet-Hash'), (b'X-Error-Code', b'EntryNotFound'), (b'X-Error-Message', b'additional_chat_templates does not exist on "main"'), (b'X-Cache', b'Error from cloudfront'), (b'Via', b'1.1 1fd5476b431041b9efffa2f96bd13040.cloudfront.net (CloudFront)'), (b'X-Amz-Cf-Pop', b'ORD58-P13'), (b'X-Amz-Cf-Id', b'lpj7IGg_v9bFbIuGDLQlRwNFHGpb9J96CO4Bw54ul2wz2IUPfe7bzA==')])
2026-02-11 14:53:59,814 - INFO - [_client.py:1025] - HTTP Request: GET https://huggingface.co/api/models/distilbert/distilgpt2/tree/main/additional_chat_templates?recursive=false&expand=false "HTTP/1.1 404 Not Found"
2026-02-11 14:53:59,814 - DEBUG - [_trace.py:47] - receive_response_body.started request=<Request [b'GET']>
2026-02-11 14:53:59,815 - DEBUG - [_trace.py:47] - receive_response_body.complete
2026-02-11 14:53:59,815 - DEBUG - [_trace.py:47] - response_closed.started
2026-02-11 14:53:59,815 - DEBUG - [_trace.py:47] - response_closed.complete
2026-02-11 14:53:59,816 - DEBUG - [_trace.py:47] - send_request_headers.started request=<Request [b'GET']>
2026-02-11 14:53:59,816 - DEBUG - [_trace.py:47] - send_request_headers.complete
2026-02-11 14:53:59,816 - DEBUG - [_trace.py:47] - send_request_body.started request=<Request [b'GET']>
2026-02-11 14:53:59,816 - DEBUG - [_trace.py:47] - send_request_body.complete
2026-02-11 14:53:59,817 - DEBUG - [_trace.py:47] - receive_response_headers.started request=<Request [b'GET']>
2026-02-11 14:53:59,870 - DEBUG - [_trace.py:47] - receive_response_headers.complete return_value=(b'HTTP/1.1', 307, b'Temporary Redirect', [(b'Content-Type', b'text/plain; charset=utf-8'), (b'Content-Length', b'106'), (b'Connection', b'keep-alive'), (b'Date', b'Wed, 11 Feb 2026 19:54:00 GMT'), (b'Location', b'/api/models/distilbert/distilgpt2/tree/main?recursive=true&expand=false'), (b'X-Powered-By', b'huggingface-moon'), (b'X-Request-Id', b'Root=1-698cde58-44bb7542631688ad65b8219f;65c5e978-c92f-499f-b9a0-e68cb4f60e11'), (b'RateLimit', b'"api";r=497;t=220'), (b'RateLimit-Policy', b'"fixed window";"api";q=500;w=300'), (b'cross-origin-opener-policy', b'same-origin'), (b'Referrer-Policy', b'strict-origin-when-cross-origin'), (b'Access-Control-Max-Age', b'86400'), (b'Access-Control-Allow-Origin', b'https://huggingface.co'), (b'Vary', b'Origin, Accept'), (b'Access-Control-Expose-Headers', b'X-Repo-Commit,X-Request-Id,X-Error-Code,X-Error-Message,X-Total-Count,ETag,Link,Accept-Ranges,Content-Range,X-Linked-Size,X-Linked-ETag,X-Xet-Hash'), (b'X-Cache', b'Miss from cloudfront'), (b'Via', b'1.1 1fd5476b431041b9efffa2f96bd13040.cloudfront.net (CloudFront)'), (b'X-Amz-Cf-Pop', b'ORD58-P13'), (b'X-Amz-Cf-Id', b'WsmHD4bGwfGPwKgPrDVTQm7d0ahrkUw8hkZz8BTJ7pxG_D0-13tPOg==')])
2026-02-11 14:53:59,871 - INFO - [_client.py:1025] - HTTP Request: GET https://huggingface.co/api/models/distilgpt2/tree/main?recursive=true&expand=false "HTTP/1.1 307 Temporary Redirect"
2026-02-11 14:53:59,872 - DEBUG - [_trace.py:47] - receive_response_body.started request=<Request [b'GET']>
2026-02-11 14:53:59,872 - DEBUG - [_trace.py:47] - receive_response_body.complete
2026-02-11 14:53:59,872 - DEBUG - [_trace.py:47] - response_closed.started
2026-02-11 14:53:59,872 - DEBUG - [_trace.py:47] - response_closed.complete
2026-02-11 14:53:59,873 - DEBUG - [_trace.py:47] - send_request_headers.started request=<Request [b'GET']>
2026-02-11 14:53:59,873 - DEBUG - [_trace.py:47] - send_request_headers.complete
2026-02-11 14:53:59,873 - DEBUG - [_trace.py:47] - send_request_body.started request=<Request [b'GET']>
2026-02-11 14:53:59,873 - DEBUG - [_trace.py:47] - send_request_body.complete
2026-02-11 14:53:59,874 - DEBUG - [_trace.py:47] - receive_response_headers.started request=<Request [b'GET']>
2026-02-11 14:53:59,928 - DEBUG - [_trace.py:47] - receive_response_headers.complete return_value=(b'HTTP/1.1', 200, b'OK', [(b'Content-Type', b'application/json; charset=utf-8'), (b'Content-Length', b'4724'), (b'Connection', b'keep-alive'), (b'Date', b'Wed, 11 Feb 2026 19:54:00 GMT'), (b'ETag', b'W/"1274-eFmt08KAXlVWSRkxoOx+V6WtpW0"'), (b'X-Powered-By', b'huggingface-moon'), (b'X-Request-Id', b'Root=1-698cde58-7717d3954a71ed675b313392;65c5e978-c92f-499f-b9a0-e68cb4f60e11'), (b'RateLimit', b'"api";r=496;t=220'), (b'RateLimit-Policy', b'"fixed window";"api";q=500;w=300'), (b'cross-origin-opener-policy', b'same-origin'), (b'Referrer-Policy', b'strict-origin-when-cross-origin'), (b'Access-Control-Max-Age', b'86400'), (b'Access-Control-Allow-Origin', b'https://huggingface.co'), (b'Vary', b'Origin'), (b'Access-Control-Expose-Headers', b'X-Repo-Commit,X-Request-Id,X-Error-Code,X-Error-Message,X-Total-Count,ETag,Link,Accept-Ranges,Content-Range,X-Linked-Size,X-Linked-ETag,X-Xet-Hash'), (b'X-Cache', b'Miss from cloudfront'), (b'Via', b'1.1 1fd5476b431041b9efffa2f96bd13040.cloudfront.net (CloudFront)'), (b'X-Amz-Cf-Pop', b'ORD58-P13'), (b'X-Amz-Cf-Id', b'Fz5Ej6STMpUPtJNFcBlIvw0NZvH3GM9lDVXheSWRGSltEyeEd1ZZVw==')])
2026-02-11 14:53:59,929 - INFO - [_client.py:1025] - HTTP Request: GET https://huggingface.co/api/models/distilbert/distilgpt2/tree/main?recursive=true&expand=false "HTTP/1.1 200 OK"
2026-02-11 14:53:59,929 - DEBUG - [_trace.py:47] - receive_response_body.started request=<Request [b'GET']>
2026-02-11 14:53:59,929 - DEBUG - [_trace.py:47] - receive_response_body.complete
2026-02-11 14:53:59,930 - DEBUG - [_trace.py:47] - response_closed.started
2026-02-11 14:53:59,930 - DEBUG - [_trace.py:47] - response_closed.complete
2026-02-11 14:53:59,931 - DEBUG - [_trace.py:47] - send_request_headers.started request=<Request [b'HEAD']>
2026-02-11 14:53:59,931 - DEBUG - [_trace.py:47] - send_request_headers.complete
2026-02-11 14:53:59,932 - DEBUG - [_trace.py:47] - send_request_body.started request=<Request [b'HEAD']>
2026-02-11 14:53:59,932 - DEBUG - [_trace.py:47] - send_request_body.complete
2026-02-11 14:53:59,932 - DEBUG - [_trace.py:47] - receive_response_headers.started request=<Request [b'HEAD']>
2026-02-11 14:53:59,981 - DEBUG - [_trace.py:47] - receive_response_headers.complete return_value=(b'HTTP/1.1', 200, b'OK', [(b'Content-Type', b'text/plain; charset=utf-8'), (b'Content-Length', b'1042301'), (b'Connection', b'keep-alive'), (b'Date', b'Wed, 11 Feb 2026 19:54:00 GMT'), (b'ETag', b'"1f1d9aaca301414e7f6c9396df506798ff4eb9a6"'), (b'X-Powered-By', b'huggingface-moon'), (b'X-Request-Id', b'Root=1-698cde58-3a4cbe94414bc76071c4118b;2ce0b810-f487-42ca-811a-723c719e5cc0'), (b'RateLimit', b'"resolvers";r=2995;t=220'), (b'RateLimit-Policy', b'"fixed window";"resolvers";q=3000;w=300'), (b'cross-origin-opener-policy', b'same-origin'), (b'Referrer-Policy', b'strict-origin-when-cross-origin'), (b'Access-Control-Max-Age', b'86400'), (b'Access-Control-Allow-Origin', b'https://huggingface.co'), (b'Vary', b'Origin'), (b'Access-Control-Expose-Headers', b'X-Repo-Commit,X-Request-Id,X-Error-Code,X-Error-Message,X-Total-Count,ETag,Link,Accept-Ranges,Content-Range,X-Linked-Size,X-Linked-ETag,X-Xet-Hash'), (b'X-Repo-Commit', b'2290a62682d06624634c1f46a6ad5be0f47f38aa'), (b'Accept-Ranges', b'bytes'), (b'X-Hub-Cache', b'MISS'), (b'Content-Disposition', b'inline; filename*=UTF-8\'\'vocab.json; filename="vocab.json";'), (b'Content-Security-Policy', b"default-src 'none'; sandbox"), (b'X-Cache', b'Miss from cloudfront'), (b'Via', b'1.1 1fd5476b431041b9efffa2f96bd13040.cloudfront.net (CloudFront)'), (b'X-Amz-Cf-Pop', b'ORD58-P13'), (b'X-Amz-Cf-Id', b'oH9hS02vAi78JTJwOEAk-X6I3qnOGka56bjApAjAjCnj2GIxB-0pNA==')])
2026-02-11 14:53:59,981 - INFO - [_client.py:1025] - HTTP Request: HEAD https://huggingface.co/distilgpt2/resolve/main/vocab.json "HTTP/1.1 200 OK"
2026-02-11 14:53:59,981 - DEBUG - [_trace.py:47] - receive_response_body.started request=<Request [b'HEAD']>
2026-02-11 14:53:59,982 - DEBUG - [_trace.py:47] - receive_response_body.complete
2026-02-11 14:53:59,982 - DEBUG - [_trace.py:47] - response_closed.started
2026-02-11 14:53:59,982 - DEBUG - [_trace.py:47] - response_closed.complete
2026-02-11 14:53:59,983 - DEBUG - [_api.py:331] - Attempting to acquire lock 128001658746208 on /home/acloudsecninja/.cache/huggingface/hub/.locks/models--distilgpt2/1f1d9aaca301414e7f6c9396df506798ff4eb9a6.lock
2026-02-11 14:53:59,983 - DEBUG - [_api.py:334] - Lock 128001658746208 acquired on /home/acloudsecninja/.cache/huggingface/hub/.locks/models--distilgpt2/1f1d9aaca301414e7f6c9396df506798ff4eb9a6.lock
2026-02-11 14:53:59,983 - DEBUG - [_trace.py:47] - send_request_headers.started request=<Request [b'GET']>
2026-02-11 14:53:59,984 - DEBUG - [_trace.py:47] - send_request_headers.complete
2026-02-11 14:53:59,984 - DEBUG - [_trace.py:47] - send_request_body.started request=<Request [b'GET']>
2026-02-11 14:53:59,984 - DEBUG - [_trace.py:47] - send_request_body.complete
2026-02-11 14:53:59,985 - DEBUG - [_trace.py:47] - receive_response_headers.started request=<Request [b'GET']>
2026-02-11 14:54:00,036 - DEBUG - [_trace.py:47] - receive_response_headers.complete return_value=(b'HTTP/1.1', 200, b'OK', [(b'Content-Type', b'text/plain; charset=utf-8'), (b'Content-Length', b'1042301'), (b'Connection', b'keep-alive'), (b'Date', b'Wed, 11 Feb 2026 19:54:00 GMT'), (b'ETag', b'"1f1d9aaca301414e7f6c9396df506798ff4eb9a6"'), (b'X-Powered-By', b'huggingface-moon'), (b'X-Request-Id', b'Root=1-698cde58-06bcd8451846e75316fd92bd;5d6a3c59-803b-4055-8c14-927343b95bd2'), (b'RateLimit', b'"resolvers";r=2994;t=220'), (b'RateLimit-Policy', b'"fixed window";"resolvers";q=3000;w=300'), (b'cross-origin-opener-policy', b'same-origin'), (b'Referrer-Policy', b'strict-origin-when-cross-origin'), (b'Access-Control-Max-Age', b'86400'), (b'Access-Control-Allow-Origin', b'https://huggingface.co'), (b'Vary', b'Origin'), (b'Access-Control-Expose-Headers', b'X-Repo-Commit,X-Request-Id,X-Error-Code,X-Error-Message,X-Total-Count,ETag,Link,Accept-Ranges,Content-Range,X-Linked-Size,X-Linked-ETag,X-Xet-Hash'), (b'X-Repo-Commit', b'2290a62682d06624634c1f46a6ad5be0f47f38aa'), (b'Accept-Ranges', b'bytes'), (b'Content-Disposition', b'inline; filename*=UTF-8\'\'vocab.json; filename="vocab.json";'), (b'Content-Security-Policy', b"default-src 'none'; sandbox"), (b'X-Cache', b'Miss from cloudfront'), (b'Via', b'1.1 1fd5476b431041b9efffa2f96bd13040.cloudfront.net (CloudFront)'), (b'X-Amz-Cf-Pop', b'ORD58-P13'), (b'X-Amz-Cf-Id', b'VmmxMXxVVKxH9NO-V79I8zO6x_yFtZfyukcsh0qtsysFDJ5UTpjkzA==')])
2026-02-11 14:54:00,036 - INFO - [_client.py:1025] - HTTP Request: GET https://huggingface.co/distilgpt2/resolve/main/vocab.json "HTTP/1.1 200 OK"
2026-02-11 14:54:00,037 - DEBUG - [_trace.py:47] - receive_response_body.started request=<Request [b'GET']>
2026-02-11 14:54:00,116 - DEBUG - [_trace.py:47] - receive_response_body.complete
2026-02-11 14:54:00,117 - DEBUG - [_trace.py:47] - response_closed.started
2026-02-11 14:54:00,117 - DEBUG - [_trace.py:47] - response_closed.complete
2026-02-11 14:54:00,120 - DEBUG - [_api.py:364] - Attempting to release lock 128001658746208 on /home/acloudsecninja/.cache/huggingface/hub/.locks/models--distilgpt2/1f1d9aaca301414e7f6c9396df506798ff4eb9a6.lock
2026-02-11 14:54:00,120 - DEBUG - [_api.py:367] - Lock 128001658746208 released on /home/acloudsecninja/.cache/huggingface/hub/.locks/models--distilgpt2/1f1d9aaca301414e7f6c9396df506798ff4eb9a6.lock
2026-02-11 14:54:00,121 - DEBUG - [_trace.py:47] - send_request_headers.started request=<Request [b'HEAD']>
2026-02-11 14:54:00,121 - DEBUG - [_trace.py:47] - send_request_headers.complete
2026-02-11 14:54:00,121 - DEBUG - [_trace.py:47] - send_request_body.started request=<Request [b'HEAD']>
2026-02-11 14:54:00,122 - DEBUG - [_trace.py:47] - send_request_body.complete
2026-02-11 14:54:00,122 - DEBUG - [_trace.py:47] - receive_response_headers.started request=<Request [b'HEAD']>
2026-02-11 14:54:00,174 - DEBUG - [_trace.py:47] - receive_response_headers.complete return_value=(b'HTTP/1.1', 200, b'OK', [(b'Content-Type', b'text/plain; charset=utf-8'), (b'Content-Length', b'456318'), (b'Connection', b'keep-alive'), (b'Date', b'Wed, 11 Feb 2026 19:54:00 GMT'), (b'ETag', b'"226b0752cac7789c48f0cb3ec53eda48b7be36cc"'), (b'X-Powered-By', b'huggingface-moon'), (b'X-Request-Id', b'Root=1-698cde58-06a3cab66499df0f2a4cb05b;6eff9327-cba4-4e80-993a-0502537e2d49'), (b'RateLimit', b'"resolvers";r=2993;t=220'), (b'RateLimit-Policy', b'"fixed window";"resolvers";q=3000;w=300'), (b'cross-origin-opener-policy', b'same-origin'), (b'Referrer-Policy', b'strict-origin-when-cross-origin'), (b'Access-Control-Max-Age', b'86400'), (b'Access-Control-Allow-Origin', b'https://huggingface.co'), (b'Vary', b'Origin'), (b'Access-Control-Expose-Headers', b'X-Repo-Commit,X-Request-Id,X-Error-Code,X-Error-Message,X-Total-Count,ETag,Link,Accept-Ranges,Content-Range,X-Linked-Size,X-Linked-ETag,X-Xet-Hash'), (b'X-Repo-Commit', b'2290a62682d06624634c1f46a6ad5be0f47f38aa'), (b'Accept-Ranges', b'bytes'), (b'X-Hub-Cache', b'MISS'), (b'Content-Disposition', b'inline; filename*=UTF-8\'\'merges.txt; filename="merges.txt";'), (b'Content-Security-Policy', b"default-src 'none'; sandbox"), (b'X-Cache', b'Miss from cloudfront'), (b'Via', b'1.1 1fd5476b431041b9efffa2f96bd13040.cloudfront.net (CloudFront)'), (b'X-Amz-Cf-Pop', b'ORD58-P13'), (b'X-Amz-Cf-Id', b'O6jHTWr4x_xlOEj_X8M5FWTBC4WAGjuowOkiuBOvzuUh4BP7y34yYw==')])
2026-02-11 14:54:00,175 - INFO - [_client.py:1025] - HTTP Request: HEAD https://huggingface.co/distilgpt2/resolve/main/merges.txt "HTTP/1.1 200 OK"
2026-02-11 14:54:00,175 - DEBUG - [_trace.py:47] - receive_response_body.started request=<Request [b'HEAD']>
2026-02-11 14:54:00,175 - DEBUG - [_trace.py:47] - receive_response_body.complete
2026-02-11 14:54:00,175 - DEBUG - [_trace.py:47] - response_closed.started
2026-02-11 14:54:00,175 - DEBUG - [_trace.py:47] - response_closed.complete
2026-02-11 14:54:00,176 - DEBUG - [_api.py:331] - Attempting to acquire lock 128001658744144 on /home/acloudsecninja/.cache/huggingface/hub/.locks/models--distilgpt2/226b0752cac7789c48f0cb3ec53eda48b7be36cc.lock
2026-02-11 14:54:00,177 - DEBUG - [_api.py:334] - Lock 128001658744144 acquired on /home/acloudsecninja/.cache/huggingface/hub/.locks/models--distilgpt2/226b0752cac7789c48f0cb3ec53eda48b7be36cc.lock
2026-02-11 14:54:00,177 - DEBUG - [_trace.py:47] - send_request_headers.started request=<Request [b'GET']>
2026-02-11 14:54:00,178 - DEBUG - [_trace.py:47] - send_request_headers.complete
2026-02-11 14:54:00,178 - DEBUG - [_trace.py:47] - send_request_body.started request=<Request [b'GET']>
2026-02-11 14:54:00,178 - DEBUG - [_trace.py:47] - send_request_body.complete
2026-02-11 14:54:00,178 - DEBUG - [_trace.py:47] - receive_response_headers.started request=<Request [b'GET']>
2026-02-11 14:54:00,233 - DEBUG - [_trace.py:47] - receive_response_headers.complete return_value=(b'HTTP/1.1', 200, b'OK', [(b'Content-Type', b'text/plain; charset=utf-8'), (b'Content-Length', b'456318'), (b'Connection', b'keep-alive'), (b'Date', b'Wed, 11 Feb 2026 19:54:00 GMT'), (b'ETag', b'"226b0752cac7789c48f0cb3ec53eda48b7be36cc"'), (b'X-Powered-By', b'huggingface-moon'), (b'X-Request-Id', b'Root=1-698cde58-653235285e1d29d323b8efec;5a64264b-81d8-41f0-98cc-53e33956b2ea'), (b'RateLimit', b'"resolvers";r=2992;t=220'), (b'RateLimit-Policy', b'"fixed window";"resolvers";q=3000;w=300'), (b'cross-origin-opener-policy', b'same-origin'), (b'Referrer-Policy', b'strict-origin-when-cross-origin'), (b'Access-Control-Max-Age', b'86400'), (b'Access-Control-Allow-Origin', b'https://huggingface.co'), (b'Vary', b'Origin'), (b'Access-Control-Expose-Headers', b'X-Repo-Commit,X-Request-Id,X-Error-Code,X-Error-Message,X-Total-Count,ETag,Link,Accept-Ranges,Content-Range,X-Linked-Size,X-Linked-ETag,X-Xet-Hash'), (b'X-Repo-Commit', b'2290a62682d06624634c1f46a6ad5be0f47f38aa'), (b'Accept-Ranges', b'bytes'), (b'Content-Disposition', b'inline; filename*=UTF-8\'\'merges.txt; filename="merges.txt";'), (b'Content-Security-Policy', b"default-src 'none'; sandbox"), (b'X-Cache', b'Miss from cloudfront'), (b'Via', b'1.1 1fd5476b431041b9efffa2f96bd13040.cloudfront.net (CloudFront)'), (b'X-Amz-Cf-Pop', b'ORD58-P13'), (b'X-Amz-Cf-Id', b'jQWJZtZtzUkDMy7EXKlzBScCi1dRGpcsiTn3zRa9dSNZ86JfzHIVoA==')])
2026-02-11 14:54:00,234 - INFO - [_client.py:1025] - HTTP Request: GET https://huggingface.co/distilgpt2/resolve/main/merges.txt "HTTP/1.1 200 OK"
2026-02-11 14:54:00,234 - DEBUG - [_trace.py:47] - receive_response_body.started request=<Request [b'GET']>
2026-02-11 14:54:00,259 - DEBUG - [_trace.py:47] - receive_response_body.complete
2026-02-11 14:54:00,260 - DEBUG - [_trace.py:47] - response_closed.started
2026-02-11 14:54:00,260 - DEBUG - [_trace.py:47] - response_closed.complete
2026-02-11 14:54:00,261 - DEBUG - [_api.py:364] - Attempting to release lock 128001658744144 on /home/acloudsecninja/.cache/huggingface/hub/.locks/models--distilgpt2/226b0752cac7789c48f0cb3ec53eda48b7be36cc.lock
2026-02-11 14:54:00,261 - DEBUG - [_api.py:367] - Lock 128001658744144 released on /home/acloudsecninja/.cache/huggingface/hub/.locks/models--distilgpt2/226b0752cac7789c48f0cb3ec53eda48b7be36cc.lock
2026-02-11 14:54:00,262 - DEBUG - [_trace.py:47] - send_request_headers.started request=<Request [b'HEAD']>
2026-02-11 14:54:00,263 - DEBUG - [_trace.py:47] - send_request_headers.complete
2026-02-11 14:54:00,263 - DEBUG - [_trace.py:47] - send_request_body.started request=<Request [b'HEAD']>
2026-02-11 14:54:00,263 - DEBUG - [_trace.py:47] - send_request_body.complete
2026-02-11 14:54:00,263 - DEBUG - [_trace.py:47] - receive_response_headers.started request=<Request [b'HEAD']>
2026-02-11 14:54:00,308 - DEBUG - [_trace.py:47] - receive_response_headers.complete return_value=(b'HTTP/1.1', 404, b'Not Found', [(b'Content-Type', b'text/plain; charset=utf-8'), (b'Content-Length', b'15'), (b'Connection', b'keep-alive'), (b'Date', b'Wed, 11 Feb 2026 19:54:00 GMT'), (b'ETag', b'W/"f-mY2VvLxuxB7KhsoOdQTlMTccuAQ"'), (b'X-Powered-By', b'huggingface-moon'), (b'X-Request-Id', b'Root=1-698cde58-420e7bb3386755fa0921b204;583b1ea8-8624-4972-a4b8-7bd64357dfa6'), (b'RateLimit', b'"resolvers";r=2991;t=220'), (b'RateLimit-Policy', b'"fixed window";"resolvers";q=3000;w=300'), (b'cross-origin-opener-policy', b'same-origin'), (b'Referrer-Policy', b'strict-origin-when-cross-origin'), (b'Access-Control-Max-Age', b'86400'), (b'Access-Control-Allow-Origin', b'https://huggingface.co'), (b'Vary', b'Origin'), (b'Access-Control-Expose-Headers', b'X-Repo-Commit,X-Request-Id,X-Error-Code,X-Error-Message,X-Total-Count,ETag,Link,Accept-Ranges,Content-Range,X-Linked-Size,X-Linked-ETag,X-Xet-Hash'), (b'X-Repo-Commit', b'2290a62682d06624634c1f46a6ad5be0f47f38aa'), (b'Accept-Ranges', b'bytes'), (b'X-Hub-Cache', b'MISS'), (b'X-Error-Code', b'EntryNotFound'), (b'X-Error-Message', b'Entry not found'), (b'X-Cache', b'Error from cloudfront'), (b'Via', b'1.1 1fd5476b431041b9efffa2f96bd13040.cloudfront.net (CloudFront)'), (b'X-Amz-Cf-Pop', b'ORD58-P13'), (b'X-Amz-Cf-Id', b'fIxxpXKobq82QttjPSBlRdSc-f8FYA9wE_XZXxc351OgxK6SuQ27ww==')])
2026-02-11 14:54:00,308 - INFO - [_client.py:1025] - HTTP Request: HEAD https://huggingface.co/distilgpt2/resolve/main/added_tokens.json "HTTP/1.1 404 Not Found"
2026-02-11 14:54:00,309 - DEBUG - [_trace.py:47] - receive_response_body.started request=<Request [b'HEAD']>
2026-02-11 14:54:00,309 - DEBUG - [_trace.py:47] - receive_response_body.complete
2026-02-11 14:54:00,309 - DEBUG - [_trace.py:47] - response_closed.started
2026-02-11 14:54:00,309 - DEBUG - [_trace.py:47] - response_closed.complete
2026-02-11 14:54:00,312 - DEBUG - [_trace.py:47] - send_request_headers.started request=<Request [b'HEAD']>
2026-02-11 14:54:00,312 - DEBUG - [_trace.py:47] - send_request_headers.complete
2026-02-11 14:54:00,312 - DEBUG - [_trace.py:47] - send_request_body.started request=<Request [b'HEAD']>
2026-02-11 14:54:00,312 - DEBUG - [_trace.py:47] - send_request_body.complete
2026-02-11 14:54:00,313 - DEBUG - [_trace.py:47] - receive_response_headers.started request=<Request [b'HEAD']>
2026-02-11 14:54:00,367 - DEBUG - [_trace.py:47] - receive_response_headers.complete return_value=(b'HTTP/1.1', 404, b'Not Found', [(b'Content-Type', b'text/plain; charset=utf-8'), (b'Content-Length', b'15'), (b'Connection', b'keep-alive'), (b'Date', b'Wed, 11 Feb 2026 19:54:00 GMT'), (b'ETag', b'W/"f-mY2VvLxuxB7KhsoOdQTlMTccuAQ"'), (b'X-Powered-By', b'huggingface-moon'), (b'X-Request-Id', b'Root=1-698cde58-48d49bf21bb6f3a90a277e26;f47a471a-84ff-4665-81fb-d1925041ca8c'), (b'RateLimit', b'"resolvers";r=2990;t=220'), (b'RateLimit-Policy', b'"fixed window";"resolvers";q=3000;w=300'), (b'cross-origin-opener-policy', b'same-origin'), (b'Referrer-Policy', b'strict-origin-when-cross-origin'), (b'Access-Control-Max-Age', b'86400'), (b'Access-Control-Allow-Origin', b'https://huggingface.co'), (b'Vary', b'Origin'), (b'Access-Control-Expose-Headers', b'X-Repo-Commit,X-Request-Id,X-Error-Code,X-Error-Message,X-Total-Count,ETag,Link,Accept-Ranges,Content-Range,X-Linked-Size,X-Linked-ETag,X-Xet-Hash'), (b'X-Repo-Commit', b'2290a62682d06624634c1f46a6ad5be0f47f38aa'), (b'Accept-Ranges', b'bytes'), (b'X-HF-Warning', b'unauthenticated; Warning: You are sending unauthenticated requests to the HF Hub. Please set a HF_TOKEN to enable higher rate limits and faster downloads.'), (b'X-Hub-Cache', b'MISS'), (b'X-Error-Code', b'EntryNotFound'), (b'X-Error-Message', b'Entry not found'), (b'X-Cache', b'Error from cloudfront'), (b'Via', b'1.1 1fd5476b431041b9efffa2f96bd13040.cloudfront.net (CloudFront)'), (b'X-Amz-Cf-Pop', b'ORD58-P13'), (b'X-Amz-Cf-Id', b'X2EHhzSSOCBT01RP-prhOjUCCirXVPO1ImaE39r09MO_Be9do0aang==')])
2026-02-11 14:54:00,367 - INFO - [_client.py:1025] - HTTP Request: HEAD https://huggingface.co/distilgpt2/resolve/main/special_tokens_map.json "HTTP/1.1 404 Not Found"
2026-02-11 14:54:00,368 - DEBUG - [_trace.py:47] - receive_response_body.started request=<Request [b'HEAD']>
2026-02-11 14:54:00,368 - DEBUG - [_trace.py:47] - receive_response_body.complete
2026-02-11 14:54:00,368 - DEBUG - [_trace.py:47] - response_closed.started
2026-02-11 14:54:00,368 - DEBUG - [_trace.py:47] - response_closed.complete
2026-02-11 14:54:00,369 - WARNING - [_http.py:779] - Warning: You are sending unauthenticated requests to the HF Hub. Please set a HF_TOKEN to enable higher rate limits and faster downloads.
2026-02-11 14:54:00,370 - DEBUG - [_trace.py:47] - send_request_headers.started request=<Request [b'HEAD']>
2026-02-11 14:54:00,371 - DEBUG - [_trace.py:47] - send_request_headers.complete
2026-02-11 14:54:00,371 - DEBUG - [_trace.py:47] - send_request_body.started request=<Request [b'HEAD']>
2026-02-11 14:54:00,371 - DEBUG - [_trace.py:47] - send_request_body.complete
2026-02-11 14:54:00,371 - DEBUG - [_trace.py:47] - receive_response_headers.started request=<Request [b'HEAD']>
2026-02-11 14:54:00,422 - DEBUG - [_trace.py:47] - receive_response_headers.complete return_value=(b'HTTP/1.1', 200, b'OK', [(b'Content-Type', b'text/plain; charset=utf-8'), (b'Content-Length', b'1355256'), (b'Connection', b'keep-alive'), (b'Date', b'Wed, 11 Feb 2026 19:54:00 GMT'), (b'ETag', b'"4b988bccc9dc5adacd403c00b4704976196548f8"'), (b'X-Powered-By', b'huggingface-moon'), (b'X-Request-Id', b'Root=1-698cde58-2c7e134f64b9614254a7d976;d704df95-959b-4ac7-8a5d-f89c8fd51ecf'), (b'RateLimit', b'"resolvers";r=2989;t=220'), (b'RateLimit-Policy', b'"fixed window";"resolvers";q=3000;w=300'), (b'cross-origin-opener-policy', b'same-origin'), (b'Referrer-Policy', b'strict-origin-when-cross-origin'), (b'Access-Control-Max-Age', b'86400'), (b'Access-Control-Allow-Origin', b'https://huggingface.co'), (b'Vary', b'Origin'), (b'Access-Control-Expose-Headers', b'X-Repo-Commit,X-Request-Id,X-Error-Code,X-Error-Message,X-Total-Count,ETag,Link,Accept-Ranges,Content-Range,X-Linked-Size,X-Linked-ETag,X-Xet-Hash'), (b'X-Repo-Commit', b'2290a62682d06624634c1f46a6ad5be0f47f38aa'), (b'Accept-Ranges', b'bytes'), (b'X-Hub-Cache', b'MISS'), (b'Content-Disposition', b'inline; filename*=UTF-8\'\'tokenizer.json; filename="tokenizer.json";'), (b'Content-Security-Policy', b"default-src 'none'; sandbox"), (b'X-Cache', b'Miss from cloudfront'), (b'Via', b'1.1 1fd5476b431041b9efffa2f96bd13040.cloudfront.net (CloudFront)'), (b'X-Amz-Cf-Pop', b'ORD58-P13'), (b'X-Amz-Cf-Id', b'wV9NsDE1jSZYZgidexVWdyeIpnEkR3zc5OoeFSCicOtQjSYVl1pHQA==')])
2026-02-11 14:54:00,423 - INFO - [_client.py:1025] - HTTP Request: HEAD https://huggingface.co/distilgpt2/resolve/main/tokenizer.json "HTTP/1.1 200 OK"
2026-02-11 14:54:00,423 - DEBUG - [_trace.py:47] - receive_response_body.started request=<Request [b'HEAD']>
2026-02-11 14:54:00,423 - DEBUG - [_trace.py:47] - receive_response_body.complete
2026-02-11 14:54:00,423 - DEBUG - [_trace.py:47] - response_closed.started
2026-02-11 14:54:00,424 - DEBUG - [_trace.py:47] - response_closed.complete
2026-02-11 14:54:00,425 - DEBUG - [_api.py:331] - Attempting to acquire lock 128001658748272 on /home/acloudsecninja/.cache/huggingface/hub/.locks/models--distilgpt2/4b988bccc9dc5adacd403c00b4704976196548f8.lock
2026-02-11 14:54:00,425 - DEBUG - [_api.py:334] - Lock 128001658748272 acquired on /home/acloudsecninja/.cache/huggingface/hub/.locks/models--distilgpt2/4b988bccc9dc5adacd403c00b4704976196548f8.lock
2026-02-11 14:54:00,425 - DEBUG - [_trace.py:47] - send_request_headers.started request=<Request [b'GET']>
2026-02-11 14:54:00,426 - DEBUG - [_trace.py:47] - send_request_headers.complete
2026-02-11 14:54:00,426 - DEBUG - [_trace.py:47] - send_request_body.started request=<Request [b'GET']>
2026-02-11 14:54:00,426 - DEBUG - [_trace.py:47] - send_request_body.complete
2026-02-11 14:54:00,426 - DEBUG - [_trace.py:47] - receive_response_headers.started request=<Request [b'GET']>
2026-02-11 14:54:00,491 - DEBUG - [_trace.py:47] - receive_response_headers.complete return_value=(b'HTTP/1.1', 200, b'OK', [(b'Content-Type', b'text/plain; charset=utf-8'), (b'Content-Length', b'1355256'), (b'Connection', b'keep-alive'), (b'Date', b'Wed, 11 Feb 2026 19:54:00 GMT'), (b'ETag', b'"4b988bccc9dc5adacd403c00b4704976196548f8"'), (b'X-Powered-By', b'huggingface-moon'), (b'X-Request-Id', b'Root=1-698cde58-20c96ef057e0d2851b53d0ca;c2830688-18be-447f-92a2-4cf923b513e6'), (b'RateLimit', b'"resolvers";r=2988;t=220'), (b'RateLimit-Policy', b'"fixed window";"resolvers";q=3000;w=300'), (b'cross-origin-opener-policy', b'same-origin'), (b'Referrer-Policy', b'strict-origin-when-cross-origin'), (b'Access-Control-Max-Age', b'86400'), (b'Access-Control-Allow-Origin', b'https://huggingface.co'), (b'Vary', b'Origin'), (b'Access-Control-Expose-Headers', b'X-Repo-Commit,X-Request-Id,X-Error-Code,X-Error-Message,X-Total-Count,ETag,Link,Accept-Ranges,Content-Range,X-Linked-Size,X-Linked-ETag,X-Xet-Hash'), (b'X-Repo-Commit', b'2290a62682d06624634c1f46a6ad5be0f47f38aa'), (b'Accept-Ranges', b'bytes'), (b'Content-Disposition', b'inline; filename*=UTF-8\'\'tokenizer.json; filename="tokenizer.json";'), (b'Content-Security-Policy', b"default-src 'none'; sandbox"), (b'X-Cache', b'Miss from cloudfront'), (b'Via', b'1.1 1fd5476b431041b9efffa2f96bd13040.cloudfront.net (CloudFront)'), (b'X-Amz-Cf-Pop', b'ORD58-P13'), (b'X-Amz-Cf-Id', b'ErwXbSLz4zATr_w1m9hQky7PM9aADZQAOVJRP9VmCahxxoxaq8uAYw==')])
2026-02-11 14:54:00,492 - INFO - [_client.py:1025] - HTTP Request: GET https://huggingface.co/distilgpt2/resolve/main/tokenizer.json "HTTP/1.1 200 OK"
2026-02-11 14:54:00,492 - DEBUG - [_trace.py:47] - receive_response_body.started request=<Request [b'GET']>
2026-02-11 14:54:00,541 - DEBUG - [_trace.py:47] - receive_response_body.complete
2026-02-11 14:54:00,541 - DEBUG - [_trace.py:47] - response_closed.started
2026-02-11 14:54:00,542 - DEBUG - [_trace.py:47] - response_closed.complete
2026-02-11 14:54:00,544 - DEBUG - [_api.py:364] - Attempting to release lock 128001658748272 on /home/acloudsecninja/.cache/huggingface/hub/.locks/models--distilgpt2/4b988bccc9dc5adacd403c00b4704976196548f8.lock
2026-02-11 14:54:00,545 - DEBUG - [_api.py:367] - Lock 128001658748272 released on /home/acloudsecninja/.cache/huggingface/hub/.locks/models--distilgpt2/4b988bccc9dc5adacd403c00b4704976196548f8.lock
2026-02-11 14:54:00,546 - DEBUG - [_trace.py:47] - send_request_headers.started request=<Request [b'HEAD']>
2026-02-11 14:54:00,546 - DEBUG - [_trace.py:47] - send_request_headers.complete
2026-02-11 14:54:00,546 - DEBUG - [_trace.py:47] - send_request_body.started request=<Request [b'HEAD']>
2026-02-11 14:54:00,546 - DEBUG - [_trace.py:47] - send_request_body.complete
2026-02-11 14:54:00,547 - DEBUG - [_trace.py:47] - receive_response_headers.started request=<Request [b'HEAD']>
2026-02-11 14:54:00,598 - DEBUG - [_trace.py:47] - receive_response_headers.complete return_value=(b'HTTP/1.1', 404, b'Not Found', [(b'Content-Type', b'text/plain; charset=utf-8'), (b'Content-Length', b'15'), (b'Connection', b'keep-alive'), (b'Date', b'Wed, 11 Feb 2026 19:54:00 GMT'), (b'ETag', b'W/"f-mY2VvLxuxB7KhsoOdQTlMTccuAQ"'), (b'X-Powered-By', b'huggingface-moon'), (b'X-Request-Id', b'Root=1-698cde58-28bd26084477a7b36524c6ad;d47f38c6-c77c-40f9-86d4-abb27118da8a'), (b'RateLimit', b'"resolvers";r=2987;t=220'), (b'RateLimit-Policy', b'"fixed window";"resolvers";q=3000;w=300'), (b'cross-origin-opener-policy', b'same-origin'), (b'Referrer-Policy', b'strict-origin-when-cross-origin'), (b'Access-Control-Max-Age', b'86400'), (b'Access-Control-Allow-Origin', b'https://huggingface.co'), (b'Vary', b'Origin'), (b'Access-Control-Expose-Headers', b'X-Repo-Commit,X-Request-Id,X-Error-Code,X-Error-Message,X-Total-Count,ETag,Link,Accept-Ranges,Content-Range,X-Linked-Size,X-Linked-ETag,X-Xet-Hash'), (b'X-Repo-Commit', b'2290a62682d06624634c1f46a6ad5be0f47f38aa'), (b'Accept-Ranges', b'bytes'), (b'X-HF-Warning', b'unauthenticated; Warning: You are sending unauthenticated requests to the HF Hub. Please set a HF_TOKEN to enable higher rate limits and faster downloads.'), (b'X-Hub-Cache', b'MISS'), (b'X-Error-Code', b'EntryNotFound'), (b'X-Error-Message', b'Entry not found'), (b'X-Cache', b'Error from cloudfront'), (b'Via', b'1.1 1fd5476b431041b9efffa2f96bd13040.cloudfront.net (CloudFront)'), (b'X-Amz-Cf-Pop', b'ORD58-P13'), (b'X-Amz-Cf-Id', b'qsO23BIAium_PzQGMwizHYgca0QpQ-hRAiUHFX8L7detBHPudm86sw==')])
2026-02-11 14:54:00,599 - INFO - [_client.py:1025] - HTTP Request: HEAD https://huggingface.co/distilgpt2/resolve/main/chat_template.jinja "HTTP/1.1 404 Not Found"
2026-02-11 14:54:00,599 - DEBUG - [_trace.py:47] - receive_response_body.started request=<Request [b'HEAD']>
2026-02-11 14:54:00,599 - DEBUG - [_trace.py:47] - receive_response_body.complete
2026-02-11 14:54:00,599 - DEBUG - [_trace.py:47] - response_closed.started
2026-02-11 14:54:00,600 - DEBUG - [_trace.py:47] - response_closed.complete
2026-02-11 14:54:00,917 - INFO - [offensive_security_ai.py:49] - Memory usage at after_tokenizer: 774.62 MB
2026-02-11 14:54:00,917 - INFO - [offensive_security_ai.py:114] - Tokenizer loaded successfully
2026-02-11 14:54:00,917 - INFO - [offensive_security_ai.py:117] - Preparing model loading parameters...
2026-02-11 14:54:00,917 - INFO - [offensive_security_ai.py:127] - Using 8-bit quantization for memory efficiency
2026-02-11 14:54:00,918 - INFO - [offensive_security_ai.py:129] - Loading model weights...
2026-02-11 14:54:00,918 - INFO - [offensive_security_ai.py:49] - Memory usage at before_model_load: 774.62 MB
2026-02-11 14:54:00,919 - DEBUG - [_trace.py:47] - send_request_headers.started request=<Request [b'HEAD']>
2026-02-11 14:54:00,919 - DEBUG - [_trace.py:47] - send_request_headers.complete
2026-02-11 14:54:00,920 - DEBUG - [_trace.py:47] - send_request_body.started request=<Request [b'HEAD']>
2026-02-11 14:54:00,920 - DEBUG - [_trace.py:47] - send_request_body.complete
2026-02-11 14:54:00,920 - DEBUG - [_trace.py:47] - receive_response_headers.started request=<Request [b'HEAD']>
2026-02-11 14:54:00,969 - DEBUG - [_trace.py:47] - receive_response_headers.complete return_value=(b'HTTP/1.1', 200, b'OK', [(b'Content-Type', b'text/plain; charset=utf-8'), (b'Content-Length', b'762'), (b'Connection', b'keep-alive'), (b'Date', b'Wed, 11 Feb 2026 19:54:01 GMT'), (b'ETag', b'"fed02aafb76b46aa5da200966f9e42262e758023"'), (b'X-Powered-By', b'huggingface-moon'), (b'X-Request-Id', b'Root=1-698cde59-62788bae4971107b713cd93c;29aa6771-a868-43c6-bcfc-c1e8f4b54301'), (b'RateLimit', b'"resolvers";r=2986;t=219'), (b'RateLimit-Policy', b'"fixed window";"resolvers";q=3000;w=300'), (b'cross-origin-opener-policy', b'same-origin'), (b'Referrer-Policy', b'strict-origin-when-cross-origin'), (b'Access-Control-Max-Age', b'86400'), (b'Access-Control-Allow-Origin', b'https://huggingface.co'), (b'Vary', b'Origin'), (b'Access-Control-Expose-Headers', b'X-Repo-Commit,X-Request-Id,X-Error-Code,X-Error-Message,X-Total-Count,ETag,Link,Accept-Ranges,Content-Range,X-Linked-Size,X-Linked-ETag,X-Xet-Hash'), (b'X-Repo-Commit', b'2290a62682d06624634c1f46a6ad5be0f47f38aa'), (b'Accept-Ranges', b'bytes'), (b'X-Hub-Cache', b'HIT'), (b'Content-Disposition', b'inline; filename*=UTF-8\'\'config.json; filename="config.json";'), (b'Content-Security-Policy', b"default-src 'none'; sandbox"), (b'X-Cache', b'Miss from cloudfront'), (b'Via', b'1.1 1fd5476b431041b9efffa2f96bd13040.cloudfront.net (CloudFront)'), (b'X-Amz-Cf-Pop', b'ORD58-P13'), (b'X-Amz-Cf-Id', b'kck4zftcPHdI0dFlw74B0pVoOirpzXiJ-iaZioxygru1zQAxAanFJQ==')])
2026-02-11 14:54:00,970 - INFO - [_client.py:1025] - HTTP Request: HEAD https://huggingface.co/distilgpt2/resolve/main/config.json "HTTP/1.1 200 OK"
2026-02-11 14:54:00,970 - DEBUG - [_trace.py:47] - receive_response_body.started request=<Request [b'HEAD']>
2026-02-11 14:54:00,970 - DEBUG - [_trace.py:47] - receive_response_body.complete
2026-02-11 14:54:00,970 - DEBUG - [_trace.py:47] - response_closed.started
2026-02-11 14:54:00,971 - DEBUG - [_trace.py:47] - response_closed.complete
2026-02-11 14:54:00,982 - ERROR - [offensive_security_ai.py:174] - Failed to load model: Using a `device_map`, `tp_plan`, `torch.device` context manager or setting `torch.set_default_device(device)` requires `accelerate`. You can install it with `pip install accelerate`
2026-02-11 14:54:00,984 - ERROR - [offensive_security_ai.py:450] - Main execution failed: Using a `device_map`, `tp_plan`, `torch.device` context manager or setting `torch.set_default_device(device)` requires `accelerate`. You can install it with `pip install accelerate`
2026-02-11 14:54:00,993 - DEBUG - [_trace.py:47] - close.started
2026-02-11 14:54:00,993 - DEBUG - [_trace.py:47] - close.complete
2026-02-11 14:54:38,690 - INFO - [offensive_security_ai.py:49] - Memory usage at start_load_model: 728.33 MB
2026-02-11 14:54:38,690 - INFO - [offensive_security_ai.py:84] - Starting model loading process
2026-02-11 14:54:38,690 - INFO - [offensive_security_ai.py:85] - Model: distilgpt2, Device: cuda
2026-02-11 14:54:38,692 - INFO - [offensive_security_ai.py:94] - Loading model: distilgpt2
2026-02-11 14:54:38,692 - INFO - [offensive_security_ai.py:49] - Memory usage at before_tokenizer: 728.33 MB
2026-02-11 14:54:38,692 - INFO - [offensive_security_ai.py:105] - 8-bit quantization available
2026-02-11 14:54:38,692 - INFO - [offensive_security_ai.py:111] - Loading tokenizer...
2026-02-11 14:54:38,712 - DEBUG - [_trace.py:47] - connect_tcp.started host='huggingface.co' port=443 local_address=None timeout=10 socket_options=None
2026-02-11 14:54:38,762 - DEBUG - [_trace.py:47] - connect_tcp.complete return_value=<httpcore._backends.sync.SyncStream object at 0x79a1a9899130>
2026-02-11 14:54:38,762 - DEBUG - [_trace.py:47] - start_tls.started ssl_context=<ssl.SSLContext object at 0x79a1a41d95d0> server_hostname='huggingface.co' timeout=10
2026-02-11 14:54:38,828 - DEBUG - [_trace.py:47] - start_tls.complete return_value=<httpcore._backends.sync.SyncStream object at 0x79a1a7a361b0>
2026-02-11 14:54:38,829 - DEBUG - [_trace.py:47] - send_request_headers.started request=<Request [b'HEAD']>
2026-02-11 14:54:38,829 - DEBUG - [_trace.py:47] - send_request_headers.complete
2026-02-11 14:54:38,829 - DEBUG - [_trace.py:47] - send_request_body.started request=<Request [b'HEAD']>
2026-02-11 14:54:38,830 - DEBUG - [_trace.py:47] - send_request_body.complete
2026-02-11 14:54:38,830 - DEBUG - [_trace.py:47] - receive_response_headers.started request=<Request [b'HEAD']>
2026-02-11 14:54:38,884 - DEBUG - [_trace.py:47] - receive_response_headers.complete return_value=(b'HTTP/1.1', 200, b'OK', [(b'Content-Type', b'text/plain; charset=utf-8'), (b'Content-Length', b'762'), (b'Connection', b'keep-alive'), (b'Date', b'Wed, 11 Feb 2026 19:54:39 GMT'), (b'ETag', b'"fed02aafb76b46aa5da200966f9e42262e758023"'), (b'X-Powered-By', b'huggingface-moon'), (b'X-Request-Id', b'Root=1-698cde7f-67bcc53647fd761419e61402;a84be752-fa88-4230-94a4-1a5181a84a83'), (b'RateLimit', b'"resolvers";r=2985;t=181'), (b'RateLimit-Policy', b'"fixed window";"resolvers";q=3000;w=300'), (b'cross-origin-opener-policy', b'same-origin'), (b'Referrer-Policy', b'strict-origin-when-cross-origin'), (b'Access-Control-Max-Age', b'86400'), (b'Access-Control-Allow-Origin', b'https://huggingface.co'), (b'Vary', b'Origin'), (b'Access-Control-Expose-Headers', b'X-Repo-Commit,X-Request-Id,X-Error-Code,X-Error-Message,X-Total-Count,ETag,Link,Accept-Ranges,Content-Range,X-Linked-Size,X-Linked-ETag,X-Xet-Hash'), (b'X-Repo-Commit', b'2290a62682d06624634c1f46a6ad5be0f47f38aa'), (b'Accept-Ranges', b'bytes'), (b'X-Hub-Cache', b'HIT'), (b'Content-Disposition', b'inline; filename*=UTF-8\'\'config.json; filename="config.json";'), (b'Content-Security-Policy', b"default-src 'none'; sandbox"), (b'X-Cache', b'Miss from cloudfront'), (b'Via', b'1.1 30c6d7b3beb0a918037485bea6e0158c.cloudfront.net (CloudFront)'), (b'X-Amz-Cf-Pop', b'ORD58-P13'), (b'X-Amz-Cf-Id', b'kOT3sqzLJdSdpv69i7O4GOZ453rv8HOGp7BF6ipIHN8ZREXbtyt8Vw==')])
2026-02-11 14:54:38,885 - INFO - [_client.py:1025] - HTTP Request: HEAD https://huggingface.co/distilgpt2/resolve/main/config.json "HTTP/1.1 200 OK"
2026-02-11 14:54:38,885 - DEBUG - [_trace.py:47] - receive_response_body.started request=<Request [b'HEAD']>
2026-02-11 14:54:38,886 - DEBUG - [_trace.py:47] - receive_response_body.complete
2026-02-11 14:54:38,886 - DEBUG - [_trace.py:47] - response_closed.started
2026-02-11 14:54:38,886 - DEBUG - [_trace.py:47] - response_closed.complete
2026-02-11 14:54:38,889 - DEBUG - [_trace.py:47] - send_request_headers.started request=<Request [b'HEAD']>
2026-02-11 14:54:38,889 - DEBUG - [_trace.py:47] - send_request_headers.complete
2026-02-11 14:54:38,889 - DEBUG - [_trace.py:47] - send_request_body.started request=<Request [b'HEAD']>
2026-02-11 14:54:38,890 - DEBUG - [_trace.py:47] - send_request_body.complete
2026-02-11 14:54:38,890 - DEBUG - [_trace.py:47] - receive_response_headers.started request=<Request [b'HEAD']>
2026-02-11 14:54:38,937 - DEBUG - [_trace.py:47] - receive_response_headers.complete return_value=(b'HTTP/1.1', 200, b'OK', [(b'Content-Type', b'text/plain; charset=utf-8'), (b'Content-Length', b'26'), (b'Connection', b'keep-alive'), (b'Date', b'Wed, 11 Feb 2026 19:54:39 GMT'), (b'ETag', b'"be4d21d94f3b4687e5a54d84bf6ab46ed0f8defd"'), (b'X-Powered-By', b'huggingface-moon'), (b'X-Request-Id', b'Root=1-698cde7f-2434236e686f52fb36e564cf;801c0eac-d7e8-4be9-ac5f-918180849a67'), (b'RateLimit', b'"resolvers";r=2984;t=181'), (b'RateLimit-Policy', b'"fixed window";"resolvers";q=3000;w=300'), (b'cross-origin-opener-policy', b'same-origin'), (b'Referrer-Policy', b'strict-origin-when-cross-origin'), (b'Access-Control-Max-Age', b'86400'), (b'Access-Control-Allow-Origin', b'https://huggingface.co'), (b'Vary', b'Origin'), (b'Access-Control-Expose-Headers', b'X-Repo-Commit,X-Request-Id,X-Error-Code,X-Error-Message,X-Total-Count,ETag,Link,Accept-Ranges,Content-Range,X-Linked-Size,X-Linked-ETag,X-Xet-Hash'), (b'X-Repo-Commit', b'2290a62682d06624634c1f46a6ad5be0f47f38aa'), (b'Accept-Ranges', b'bytes'), (b'X-Hub-Cache', b'HIT'), (b'Content-Disposition', b'inline; filename*=UTF-8\'\'tokenizer_config.json; filename="tokenizer_config.json";'), (b'Content-Security-Policy', b"default-src 'none'; sandbox"), (b'X-Cache', b'Miss from cloudfront'), (b'Via', b'1.1 30c6d7b3beb0a918037485bea6e0158c.cloudfront.net (CloudFront)'), (b'X-Amz-Cf-Pop', b'ORD58-P13'), (b'X-Amz-Cf-Id', b'kYWFpdOWiwrPwXF3ZiOBIcihI4J5tQv8zxNKjRJLQ5tSZ_Ip2Wp16w==')])
2026-02-11 14:54:38,938 - INFO - [_client.py:1025] - HTTP Request: HEAD https://huggingface.co/distilgpt2/resolve/main/tokenizer_config.json "HTTP/1.1 200 OK"
2026-02-11 14:54:38,938 - DEBUG - [_trace.py:47] - receive_response_body.started request=<Request [b'HEAD']>
2026-02-11 14:54:38,939 - DEBUG - [_trace.py:47] - receive_response_body.complete
2026-02-11 14:54:38,939 - DEBUG - [_trace.py:47] - response_closed.started
2026-02-11 14:54:38,939 - DEBUG - [_trace.py:47] - response_closed.complete
2026-02-11 14:54:38,941 - DEBUG - [_trace.py:47] - send_request_headers.started request=<Request [b'GET']>
2026-02-11 14:54:38,942 - DEBUG - [_trace.py:47] - send_request_headers.complete
2026-02-11 14:54:38,942 - DEBUG - [_trace.py:47] - send_request_body.started request=<Request [b'GET']>
2026-02-11 14:54:38,942 - DEBUG - [_trace.py:47] - send_request_body.complete
2026-02-11 14:54:38,942 - DEBUG - [_trace.py:47] - receive_response_headers.started request=<Request [b'GET']>
2026-02-11 14:54:38,990 - DEBUG - [_trace.py:47] - receive_response_headers.complete return_value=(b'HTTP/1.1', 307, b'Temporary Redirect', [(b'Content-Type', b'text/plain; charset=utf-8'), (b'Content-Length', b'133'), (b'Connection', b'keep-alive'), (b'Date', b'Wed, 11 Feb 2026 19:54:39 GMT'), (b'Location', b'/api/models/distilbert/distilgpt2/tree/main/additional_chat_templates?recursive=false&expand=false'), (b'X-Powered-By', b'huggingface-moon'), (b'X-Request-Id', b'Root=1-698cde7f-14fde40939fe2981020a3afb;e533c865-b99d-4cc1-b8ee-f54069c3a7ad'), (b'RateLimit', b'"api";r=495;t=181'), (b'RateLimit-Policy', b'"fixed window";"api";q=500;w=300'), (b'cross-origin-opener-policy', b'same-origin'), (b'Referrer-Policy', b'strict-origin-when-cross-origin'), (b'Access-Control-Max-Age', b'86400'), (b'Access-Control-Allow-Origin', b'https://huggingface.co'), (b'Vary', b'Origin, Accept'), (b'Access-Control-Expose-Headers', b'X-Repo-Commit,X-Request-Id,X-Error-Code,X-Error-Message,X-Total-Count,ETag,Link,Accept-Ranges,Content-Range,X-Linked-Size,X-Linked-ETag,X-Xet-Hash'), (b'X-Cache', b'Miss from cloudfront'), (b'Via', b'1.1 30c6d7b3beb0a918037485bea6e0158c.cloudfront.net (CloudFront)'), (b'X-Amz-Cf-Pop', b'ORD58-P13'), (b'X-Amz-Cf-Id', b'76Elqo70br6A8T0cjopJMZFfUJLhKy5KvZmzQyIaBCAeAbtUYoFIPw==')])
2026-02-11 14:54:38,991 - INFO - [_client.py:1025] - HTTP Request: GET https://huggingface.co/api/models/distilgpt2/tree/main/additional_chat_templates?recursive=false&expand=false "HTTP/1.1 307 Temporary Redirect"
2026-02-11 14:54:38,991 - DEBUG - [_trace.py:47] - receive_response_body.started request=<Request [b'GET']>
2026-02-11 14:54:38,991 - DEBUG - [_trace.py:47] - receive_response_body.complete
2026-02-11 14:54:38,992 - DEBUG - [_trace.py:47] - response_closed.started
2026-02-11 14:54:38,992 - DEBUG - [_trace.py:47] - response_closed.complete
2026-02-11 14:54:38,992 - DEBUG - [_trace.py:47] - send_request_headers.started request=<Request [b'GET']>
2026-02-11 14:54:38,992 - DEBUG - [_trace.py:47] - send_request_headers.complete
2026-02-11 14:54:38,993 - DEBUG - [_trace.py:47] - send_request_body.started request=<Request [b'GET']>
2026-02-11 14:54:38,993 - DEBUG - [_trace.py:47] - send_request_body.complete
2026-02-11 14:54:38,993 - DEBUG - [_trace.py:47] - receive_response_headers.started request=<Request [b'GET']>
2026-02-11 14:54:39,038 - DEBUG - [_trace.py:47] - receive_response_headers.complete return_value=(b'HTTP/1.1', 404, b'Not Found', [(b'Content-Type', b'application/json; charset=utf-8'), (b'Content-Length', b'64'), (b'Connection', b'keep-alive'), (b'Date', b'Wed, 11 Feb 2026 19:54:39 GMT'), (b'ETag', b'W/"40-09f9IAqP13xarAhQxFS2W8rvRkM"'), (b'X-Powered-By', b'huggingface-moon'), (b'X-Request-Id', b'Root=1-698cde7f-584212d668b29440764882ae;e533c865-b99d-4cc1-b8ee-f54069c3a7ad'), (b'RateLimit', b'"api";r=494;t=181'), (b'RateLimit-Policy', b'"fixed window";"api";q=500;w=300'), (b'cross-origin-opener-policy', b'same-origin'), (b'Referrer-Policy', b'strict-origin-when-cross-origin'), (b'Access-Control-Max-Age', b'86400'), (b'Access-Control-Allow-Origin', b'https://huggingface.co'), (b'Vary', b'Origin'), (b'Access-Control-Expose-Headers', b'X-Repo-Commit,X-Request-Id,X-Error-Code,X-Error-Message,X-Total-Count,ETag,Link,Accept-Ranges,Content-Range,X-Linked-Size,X-Linked-ETag,X-Xet-Hash'), (b'X-Error-Code', b'EntryNotFound'), (b'X-Error-Message', b'additional_chat_templates does not exist on "main"'), (b'X-Cache', b'Error from cloudfront'), (b'Via', b'1.1 30c6d7b3beb0a918037485bea6e0158c.cloudfront.net (CloudFront)'), (b'X-Amz-Cf-Pop', b'ORD58-P13'), (b'X-Amz-Cf-Id', b'CdJiTbntBxJVJw9GcUJIYTYyLBNfpyNQbZGpfCYuFjN5ecog0cF8Zg==')])
2026-02-11 14:54:39,038 - INFO - [_client.py:1025] - HTTP Request: GET https://huggingface.co/api/models/distilbert/distilgpt2/tree/main/additional_chat_templates?recursive=false&expand=false "HTTP/1.1 404 Not Found"
2026-02-11 14:54:39,039 - DEBUG - [_trace.py:47] - receive_response_body.started request=<Request [b'GET']>
2026-02-11 14:54:39,039 - DEBUG - [_trace.py:47] - receive_response_body.complete
2026-02-11 14:54:39,039 - DEBUG - [_trace.py:47] - response_closed.started
2026-02-11 14:54:39,039 - DEBUG - [_trace.py:47] - response_closed.complete
2026-02-11 14:54:39,040 - DEBUG - [_trace.py:47] - send_request_headers.started request=<Request [b'GET']>
2026-02-11 14:54:39,040 - DEBUG - [_trace.py:47] - send_request_headers.complete
2026-02-11 14:54:39,041 - DEBUG - [_trace.py:47] - send_request_body.started request=<Request [b'GET']>
2026-02-11 14:54:39,041 - DEBUG - [_trace.py:47] - send_request_body.complete
2026-02-11 14:54:39,041 - DEBUG - [_trace.py:47] - receive_response_headers.started request=<Request [b'GET']>
2026-02-11 14:54:39,087 - DEBUG - [_trace.py:47] - receive_response_headers.complete return_value=(b'HTTP/1.1', 307, b'Temporary Redirect', [(b'Content-Type', b'text/plain; charset=utf-8'), (b'Content-Length', b'106'), (b'Connection', b'keep-alive'), (b'Date', b'Wed, 11 Feb 2026 19:54:39 GMT'), (b'Location', b'/api/models/distilbert/distilgpt2/tree/main?recursive=true&expand=false'), (b'X-Powered-By', b'huggingface-moon'), (b'X-Request-Id', b'Root=1-698cde7f-4bab85106d00521462542a8d;9d313919-53fc-4330-81be-4b27ca5af18e'), (b'RateLimit', b'"api";r=493;t=181'), (b'RateLimit-Policy', b'"fixed window";"api";q=500;w=300'), (b'cross-origin-opener-policy', b'same-origin'), (b'Referrer-Policy', b'strict-origin-when-cross-origin'), (b'Access-Control-Max-Age', b'86400'), (b'Access-Control-Allow-Origin', b'https://huggingface.co'), (b'Vary', b'Origin, Accept'), (b'Access-Control-Expose-Headers', b'X-Repo-Commit,X-Request-Id,X-Error-Code,X-Error-Message,X-Total-Count,ETag,Link,Accept-Ranges,Content-Range,X-Linked-Size,X-Linked-ETag,X-Xet-Hash'), (b'X-Cache', b'Miss from cloudfront'), (b'Via', b'1.1 30c6d7b3beb0a918037485bea6e0158c.cloudfront.net (CloudFront)'), (b'X-Amz-Cf-Pop', b'ORD58-P13'), (b'X-Amz-Cf-Id', b'xr4zjKZavv7sGBhtb3-acPoxLR2tECsIyYaDqEeq5xImkZ_CF1VAYg==')])
2026-02-11 14:54:39,088 - INFO - [_client.py:1025] - HTTP Request: GET https://huggingface.co/api/models/distilgpt2/tree/main?recursive=true&expand=false "HTTP/1.1 307 Temporary Redirect"
2026-02-11 14:54:39,088 - DEBUG - [_trace.py:47] - receive_response_body.started request=<Request [b'GET']>
2026-02-11 14:54:39,088 - DEBUG - [_trace.py:47] - receive_response_body.complete
2026-02-11 14:54:39,089 - DEBUG - [_trace.py:47] - response_closed.started
2026-02-11 14:54:39,089 - DEBUG - [_trace.py:47] - response_closed.complete
2026-02-11 14:54:39,089 - DEBUG - [_trace.py:47] - send_request_headers.started request=<Request [b'GET']>
2026-02-11 14:54:39,089 - DEBUG - [_trace.py:47] - send_request_headers.complete
2026-02-11 14:54:39,090 - DEBUG - [_trace.py:47] - send_request_body.started request=<Request [b'GET']>
2026-02-11 14:54:39,090 - DEBUG - [_trace.py:47] - send_request_body.complete
2026-02-11 14:54:39,090 - DEBUG - [_trace.py:47] - receive_response_headers.started request=<Request [b'GET']>
2026-02-11 14:54:39,141 - DEBUG - [_trace.py:47] - receive_response_headers.complete return_value=(b'HTTP/1.1', 200, b'OK', [(b'Content-Type', b'application/json; charset=utf-8'), (b'Content-Length', b'4724'), (b'Connection', b'keep-alive'), (b'Date', b'Wed, 11 Feb 2026 19:54:39 GMT'), (b'ETag', b'W/"1274-eFmt08KAXlVWSRkxoOx+V6WtpW0"'), (b'X-Powered-By', b'huggingface-moon'), (b'X-Request-Id', b'Root=1-698cde7f-685bf3573994246c6e97e728;9d313919-53fc-4330-81be-4b27ca5af18e'), (b'RateLimit', b'"api";r=492;t=181'), (b'RateLimit-Policy', b'"fixed window";"api";q=500;w=300'), (b'cross-origin-opener-policy', b'same-origin'), (b'Referrer-Policy', b'strict-origin-when-cross-origin'), (b'Access-Control-Max-Age', b'86400'), (b'Access-Control-Allow-Origin', b'https://huggingface.co'), (b'Vary', b'Origin'), (b'Access-Control-Expose-Headers', b'X-Repo-Commit,X-Request-Id,X-Error-Code,X-Error-Message,X-Total-Count,ETag,Link,Accept-Ranges,Content-Range,X-Linked-Size,X-Linked-ETag,X-Xet-Hash'), (b'X-Cache', b'Miss from cloudfront'), (b'Via', b'1.1 30c6d7b3beb0a918037485bea6e0158c.cloudfront.net (CloudFront)'), (b'X-Amz-Cf-Pop', b'ORD58-P13'), (b'X-Amz-Cf-Id', b'3cs5wVLGxbUFU8pw7kL2u4vFgFcI-4NLddlUAuh1F6XZXgFDSzFEFg==')])
2026-02-11 14:54:39,142 - INFO - [_client.py:1025] - HTTP Request: GET https://huggingface.co/api/models/distilbert/distilgpt2/tree/main?recursive=true&expand=false "HTTP/1.1 200 OK"
2026-02-11 14:54:39,142 - DEBUG - [_trace.py:47] - receive_response_body.started request=<Request [b'GET']>
2026-02-11 14:54:39,143 - DEBUG - [_trace.py:47] - receive_response_body.complete
2026-02-11 14:54:39,143 - DEBUG - [_trace.py:47] - response_closed.started
2026-02-11 14:54:39,143 - DEBUG - [_trace.py:47] - response_closed.complete
2026-02-11 14:54:39,341 - INFO - [offensive_security_ai.py:49] - Memory usage at after_tokenizer: 776.22 MB
2026-02-11 14:54:39,342 - INFO - [offensive_security_ai.py:114] - Tokenizer loaded successfully
2026-02-11 14:54:39,342 - INFO - [offensive_security_ai.py:117] - Preparing model loading parameters...
2026-02-11 14:54:39,342 - INFO - [offensive_security_ai.py:127] - Using 8-bit quantization for memory efficiency
2026-02-11 14:54:39,342 - INFO - [offensive_security_ai.py:129] - Loading model weights...
2026-02-11 14:54:39,343 - INFO - [offensive_security_ai.py:49] - Memory usage at before_model_load: 776.22 MB
2026-02-11 14:54:39,344 - DEBUG - [_trace.py:47] - send_request_headers.started request=<Request [b'HEAD']>
2026-02-11 14:54:39,344 - DEBUG - [_trace.py:47] - send_request_headers.complete
2026-02-11 14:54:39,344 - DEBUG - [_trace.py:47] - send_request_body.started request=<Request [b'HEAD']>
2026-02-11 14:54:39,344 - DEBUG - [_trace.py:47] - send_request_body.complete
2026-02-11 14:54:39,345 - DEBUG - [_trace.py:47] - receive_response_headers.started request=<Request [b'HEAD']>
2026-02-11 14:54:39,393 - DEBUG - [_trace.py:47] - receive_response_headers.complete return_value=(b'HTTP/1.1', 200, b'OK', [(b'Content-Type', b'text/plain; charset=utf-8'), (b'Content-Length', b'762'), (b'Connection', b'keep-alive'), (b'Date', b'Wed, 11 Feb 2026 19:54:39 GMT'), (b'ETag', b'"fed02aafb76b46aa5da200966f9e42262e758023"'), (b'X-Powered-By', b'huggingface-moon'), (b'X-Request-Id', b'Root=1-698cde7f-6ca7f35234f4b0006d825041;8c9b3f09-c194-4f7c-a26b-76f479248c90'), (b'RateLimit', b'"resolvers";r=2983;t=181'), (b'RateLimit-Policy', b'"fixed window";"resolvers";q=3000;w=300'), (b'cross-origin-opener-policy', b'same-origin'), (b'Referrer-Policy', b'strict-origin-when-cross-origin'), (b'Access-Control-Max-Age', b'86400'), (b'Access-Control-Allow-Origin', b'https://huggingface.co'), (b'Vary', b'Origin'), (b'Access-Control-Expose-Headers', b'X-Repo-Commit,X-Request-Id,X-Error-Code,X-Error-Message,X-Total-Count,ETag,Link,Accept-Ranges,Content-Range,X-Linked-Size,X-Linked-ETag,X-Xet-Hash'), (b'X-Repo-Commit', b'2290a62682d06624634c1f46a6ad5be0f47f38aa'), (b'Accept-Ranges', b'bytes'), (b'X-Hub-Cache', b'HIT'), (b'Content-Disposition', b'inline; filename*=UTF-8\'\'config.json; filename="config.json";'), (b'Content-Security-Policy', b"default-src 'none'; sandbox"), (b'X-Cache', b'Miss from cloudfront'), (b'Via', b'1.1 30c6d7b3beb0a918037485bea6e0158c.cloudfront.net (CloudFront)'), (b'X-Amz-Cf-Pop', b'ORD58-P13'), (b'X-Amz-Cf-Id', b'n0kGF5kRJDYUyoY55bc72fVZ4nUsQwKpyI1OpROI3I1D3OmYWW6-IQ==')])
2026-02-11 14:54:39,393 - INFO - [_client.py:1025] - HTTP Request: HEAD https://huggingface.co/distilgpt2/resolve/main/config.json "HTTP/1.1 200 OK"
2026-02-11 14:54:39,394 - DEBUG - [_trace.py:47] - receive_response_body.started request=<Request [b'HEAD']>
2026-02-11 14:54:39,394 - DEBUG - [_trace.py:47] - receive_response_body.complete
2026-02-11 14:54:39,394 - DEBUG - [_trace.py:47] - response_closed.started
2026-02-11 14:54:39,394 - DEBUG - [_trace.py:47] - response_closed.complete
2026-02-11 14:54:39,500 - DEBUG - [cextension.py:295] - Loading bitsandbytes native library from: /home/acloudsecninja/.local/lib/python3.12/site-packages/bitsandbytes/libbitsandbytes_cuda128.so
2026-02-11 14:54:40,545 - DEBUG - [_trace.py:47] - send_request_headers.started request=<Request [b'HEAD']>
2026-02-11 14:54:40,546 - DEBUG - [_trace.py:47] - send_request_headers.complete
2026-02-11 14:54:40,546 - DEBUG - [_trace.py:47] - send_request_body.started request=<Request [b'HEAD']>
2026-02-11 14:54:40,546 - DEBUG - [_trace.py:47] - send_request_body.complete
2026-02-11 14:54:40,547 - DEBUG - [_trace.py:47] - receive_response_headers.started request=<Request [b'HEAD']>
2026-02-11 14:54:40,598 - DEBUG - [_trace.py:47] - receive_response_headers.complete return_value=(b'HTTP/1.1', 302, b'Found', [(b'Content-Type', b'text/plain; charset=utf-8'), (b'Content-Length', b'1319'), (b'Connection', b'keep-alive'), (b'Date', b'Wed, 11 Feb 2026 19:54:40 GMT'), (b'Location', b'https://cas-bridge.xethub.hf.co/xet-bridge-us/621ffdc036468d709f174348/ec7e4b80e8525615f0483cbfbc3a97bf4f3165ef95ac61f575a92d661a6fa7d4?X-Amz-Algorithm=AWS4-HMAC-SHA256&X-Amz-Content-Sha256=UNSIGNED-PAYLOAD&X-Amz-Credential=cas%2F20260211%2Fus-east-1%2Fs3%2Faws4_request&X-Amz-Date=20260211T195440Z&X-Amz-Expires=3600&X-Amz-Signature=891431883807f2880a9b30338e0b1e266b4d736f6b0b4451ccfd435c9209182e&X-Amz-SignedHeaders=host&X-Xet-Cas-Uid=public&response-content-disposition=inline%3B+filename*%3DUTF-8%27%27model.safetensors%3B+filename%3D%22model.safetensors%22%3B&x-id=GetObject&Expires=1770843280&Policy=eyJTdGF0ZW1lbnQiOlt7IkNvbmRpdGlvbiI6eyJEYXRlTGVzc1RoYW4iOnsiQVdTOkVwb2NoVGltZSI6MTc3MDg0MzI4MH19LCJSZXNvdXJjZSI6Imh0dHBzOi8vY2FzLWJyaWRnZS54ZXRodWIuaGYuY28veGV0LWJyaWRnZS11cy82MjFmZmRjMDM2NDY4ZDcwOWYxNzQzNDgvZWM3ZTRiODBlODUyNTYxNWYwNDgzY2JmYmMzYTk3YmY0ZjMxNjVlZjk1YWM2MWY1NzVhOTJkNjYxYTZmYTdkNCoifV19&Signature=jc8sS3mmr67cDxIe1AH6wtWLgY0YZnLQ9Czdvm8pvXae6FVF8mBGEYeZKjC0ZeIOZIWsmEDME17ebFHqaEgWWhUssMDOh0QhOBq7kePGKzsJeumIsSn2Jivg1FmQgEd06nuIhzeCsVBwK54BqhaEnmBREUP468mUVhMXDdW9%7EwmyhCAKagRUebxRCYhI4XbWVUrhn7XwP%7ECD%7EREPMdwyQxm4kUqnaX4oGVYHd6Qfg6GcSd4MI3z88bM-vbVAAPxbCDyYb5HFkJHuFgxfbfsbanF5NyqUuWZxDKtI%7ED2-3ADf3TmNaBO825mIC7TDJFspiC4XolSZc5Tb3aEAG3G5Gw__&Key-Pair-Id=K2L8F4GPSG1IFC'), (b'X-Powered-By', b'huggingface-moon'), (b'X-Request-Id', b'Root=1-698cde80-362386246e1ebea310fdb54f;5fdf26bd-6552-4abf-acc0-b02e9745725c'), (b'RateLimit', b'"resolvers";r=2982;t=180'), (b'RateLimit-Policy', b'"fixed window";"resolvers";q=3000;w=300'), (b'cross-origin-opener-policy', b'same-origin'), (b'Referrer-Policy', b'strict-origin-when-cross-origin'), (b'Access-Control-Max-Age', b'86400'), (b'Access-Control-Allow-Origin', b'https://huggingface.co'), (b'Vary', b'Origin, Accept'), (b'Access-Control-Expose-Headers', b'X-Repo-Commit,X-Request-Id,X-Error-Code,X-Error-Message,X-Total-Count,ETag,Link,Accept-Ranges,Content-Range,X-Linked-Size,X-Linked-ETag,X-Xet-Hash'), (b'X-Repo-Commit', b'2290a62682d06624634c1f46a6ad5be0f47f38aa'), (b'Accept-Ranges', b'bytes'), (b'X-Hub-Cache', b'HIT'), (b'X-Linked-Size', b'352824413'), (b'X-Linked-ETag', b'"e1ff18884359fe8beb795a5f414feb85a6ce3d929ad019c0d958c039d2b94a1b"'), (b'X-Xet-Hash', b'ec7e4b80e8525615f0483cbfbc3a97bf4f3165ef95ac61f575a92d661a6fa7d4'), (b'Link', b'<https://huggingface.co/api/models/distilbert/distilgpt2/xet-read-token/2290a62682d06624634c1f46a6ad5be0f47f38aa>; rel="xet-auth", <https://cas-server.xethub.hf.co/v1/reconstructions/ec7e4b80e8525615f0483cbfbc3a97bf4f3165ef95ac61f575a92d661a6fa7d4>; rel="xet-reconstruction-info"'), (b'X-Cache', b'Miss from cloudfront'), (b'Via', b'1.1 30c6d7b3beb0a918037485bea6e0158c.cloudfront.net (CloudFront)'), (b'X-Amz-Cf-Pop', b'ORD58-P13'), (b'X-Amz-Cf-Id', b'J3IBONlLbVPzexaEkxirIrnIViCcKxgXqbrdU2cvoc56TM1oF2iwZQ==')])
2026-02-11 14:54:40,599 - INFO - [_client.py:1025] - HTTP Request: HEAD https://huggingface.co/distilgpt2/resolve/main/model.safetensors "HTTP/1.1 302 Found"
2026-02-11 14:54:40,600 - DEBUG - [_trace.py:47] - receive_response_body.started request=<Request [b'HEAD']>
2026-02-11 14:54:40,600 - DEBUG - [_trace.py:47] - receive_response_body.complete
2026-02-11 14:54:40,600 - DEBUG - [_trace.py:47] - response_closed.started
2026-02-11 14:54:40,600 - DEBUG - [_trace.py:47] - response_closed.complete
2026-02-11 14:54:40,601 - DEBUG - [_api.py:331] - Attempting to acquire lock 133735150042672 on /home/acloudsecninja/.cache/huggingface/hub/.locks/models--distilgpt2/e1ff18884359fe8beb795a5f414feb85a6ce3d929ad019c0d958c039d2b94a1b.lock
2026-02-11 14:54:40,602 - DEBUG - [_api.py:334] - Lock 133735150042672 acquired on /home/acloudsecninja/.cache/huggingface/hub/.locks/models--distilgpt2/e1ff18884359fe8beb795a5f414feb85a6ce3d929ad019c0d958c039d2b94a1b.lock
2026-02-11 14:54:40,621 - DEBUG - [_trace.py:47] - send_request_headers.started request=<Request [b'GET']>
2026-02-11 14:54:40,622 - DEBUG - [_trace.py:47] - send_request_headers.complete
2026-02-11 14:54:40,622 - DEBUG - [_trace.py:47] - send_request_body.started request=<Request [b'GET']>
2026-02-11 14:54:40,622 - DEBUG - [_trace.py:47] - send_request_body.complete
2026-02-11 14:54:40,623 - DEBUG - [_trace.py:47] - receive_response_headers.started request=<Request [b'GET']>
2026-02-11 14:54:40,669 - DEBUG - [_trace.py:47] - receive_response_headers.complete return_value=(b'HTTP/1.1', 200, b'OK', [(b'Content-Type', b'application/json; charset=utf-8'), (b'Content-Length', b'365'), (b'Connection', b'keep-alive'), (b'Date', b'Wed, 11 Feb 2026 19:54:41 GMT'), (b'ETag', b'W/"16d-9vcqfZhFXQkFCGXfIDCGodd8dvs"'), (b'X-Powered-By', b'huggingface-moon'), (b'X-Request-Id', b'Root=1-698cde81-443db1ed3862ffee7098392b;9fc21ad3-3d3c-46cb-a299-182f288f052c'), (b'RateLimit', b'"api";r=491;t=179'), (b'RateLimit-Policy', b'"fixed window";"api";q=500;w=300'), (b'cross-origin-opener-policy', b'same-origin'), (b'Referrer-Policy', b'strict-origin-when-cross-origin'), (b'Access-Control-Max-Age', b'86400'), (b'Access-Control-Allow-Origin', b'https://huggingface.co'), (b'Vary', b'Origin'), (b'Access-Control-Expose-Headers', b'X-Repo-Commit,X-Request-Id,X-Error-Code,X-Error-Message,X-Total-Count,ETag,Link,Accept-Ranges,Content-Range,X-Linked-Size,X-Linked-ETag,X-Xet-Hash'), (b'X-Xet-Cas-Url', b'https://cas-server.xethub.hf.co'), (b'X-Xet-Token-Expiration', b'1770840581'), (b'X-Xet-Access-Token', b'eyJhbGciOiJIUzI1NiJ9.eyJyZXBvSWQiOiI2MjFmZmRjMDM2NDY4ZDcwOWYxNzQzNDgiLCJ1c2VySWQiOiJwdWJsaWMiLCJhY2Nlc3MiOiJSRUFEIiwiaGZDZG5UaWVyIjoidW5hdXRoZW50aWNhdGVkIiwiaWF0IjoxNzcwODM5NjgxLCJleHAiOjE3NzA4NDA1ODEsImlzcyI6Imh0dHBzOi8vaHVnZ2luZ2ZhY2UuY28ifQ.Hr8e5qPafylU4LJqXC1IrFc6OPDVKia0sBMuzQODpPI'), (b'X-Cache', b'Miss from cloudfront'), (b'Via', b'1.1 30c6d7b3beb0a918037485bea6e0158c.cloudfront.net (CloudFront)'), (b'X-Amz-Cf-Pop', b'ORD58-P13'), (b'X-Amz-Cf-Id', b'rp57TiwJ9qeWwjittB0A0HCSda2N9t-_B3nQ_y3daOvd1zEzvJhfGQ==')])
2026-02-11 14:54:40,670 - INFO - [_client.py:1025] - HTTP Request: GET https://huggingface.co/api/models/distilbert/distilgpt2/xet-read-token/2290a62682d06624634c1f46a6ad5be0f47f38aa "HTTP/1.1 200 OK"
2026-02-11 14:54:40,670 - DEBUG - [_trace.py:47] - receive_response_body.started request=<Request [b'GET']>
2026-02-11 14:54:40,670 - DEBUG - [_trace.py:47] - receive_response_body.complete
2026-02-11 14:54:40,671 - DEBUG - [_trace.py:47] - response_closed.started
2026-02-11 14:54:40,671 - DEBUG - [_trace.py:47] - response_closed.complete
2026-02-11 14:54:44,593 - DEBUG - [_api.py:364] - Attempting to release lock 133735150042672 on /home/acloudsecninja/.cache/huggingface/hub/.locks/models--distilgpt2/e1ff18884359fe8beb795a5f414feb85a6ce3d929ad019c0d958c039d2b94a1b.lock
2026-02-11 14:54:44,594 - DEBUG - [_api.py:367] - Lock 133735150042672 released on /home/acloudsecninja/.cache/huggingface/hub/.locks/models--distilgpt2/e1ff18884359fe8beb795a5f414feb85a6ce3d929ad019c0d958c039d2b94a1b.lock
2026-02-11 14:59:19,439 - INFO - [offensive_security_ai.py:49] - Memory usage at start_load_model: 728.51 MB
2026-02-11 14:59:19,440 - INFO - [offensive_security_ai.py:96] - Starting model loading process
2026-02-11 14:59:19,440 - INFO - [offensive_security_ai.py:97] - Model: distilgpt2, Device: cpu
2026-02-11 14:59:19,441 - INFO - [offensive_security_ai.py:106] - Loading model: distilgpt2
2026-02-11 14:59:19,442 - INFO - [offensive_security_ai.py:49] - Memory usage at before_tokenizer: 728.51 MB
2026-02-11 14:59:19,442 - INFO - [offensive_security_ai.py:117] - 8-bit quantization available
2026-02-11 14:59:19,442 - INFO - [offensive_security_ai.py:123] - Loading tokenizer...
2026-02-11 14:59:19,462 - DEBUG - [_trace.py:47] - connect_tcp.started host='huggingface.co' port=443 local_address=None timeout=10 socket_options=None
2026-02-11 14:59:19,510 - DEBUG - [_trace.py:47] - connect_tcp.complete return_value=<httpcore._backends.sync.SyncStream object at 0x780639793590>
2026-02-11 14:59:19,510 - DEBUG - [_trace.py:47] - start_tls.started ssl_context=<ssl.SSLContext object at 0x7806386e15d0> server_hostname='huggingface.co' timeout=10
2026-02-11 14:59:19,561 - DEBUG - [_trace.py:47] - start_tls.complete return_value=<httpcore._backends.sync.SyncStream object at 0x780638869610>
2026-02-11 14:59:19,561 - DEBUG - [_trace.py:47] - send_request_headers.started request=<Request [b'HEAD']>
2026-02-11 14:59:19,561 - DEBUG - [_trace.py:47] - send_request_headers.complete
2026-02-11 14:59:19,562 - DEBUG - [_trace.py:47] - send_request_body.started request=<Request [b'HEAD']>
2026-02-11 14:59:19,562 - DEBUG - [_trace.py:47] - send_request_body.complete
2026-02-11 14:59:19,562 - DEBUG - [_trace.py:47] - receive_response_headers.started request=<Request [b'HEAD']>
2026-02-11 14:59:19,611 - DEBUG - [_trace.py:47] - receive_response_headers.complete return_value=(b'HTTP/1.1', 200, b'OK', [(b'Content-Type', b'text/plain; charset=utf-8'), (b'Content-Length', b'762'), (b'Connection', b'keep-alive'), (b'Date', b'Wed, 11 Feb 2026 19:59:19 GMT'), (b'ETag', b'"fed02aafb76b46aa5da200966f9e42262e758023"'), (b'X-Powered-By', b'huggingface-moon'), (b'X-Request-Id', b'Root=1-698cdf97-3cf7e5135de8eeea5155341b;1f58a1d9-e993-4ddd-8612-aee9bbd86780'), (b'RateLimit', b'"resolvers";r=2999;t=201'), (b'RateLimit-Policy', b'"fixed window";"resolvers";q=3000;w=300'), (b'cross-origin-opener-policy', b'same-origin'), (b'Referrer-Policy', b'strict-origin-when-cross-origin'), (b'Access-Control-Max-Age', b'86400'), (b'Access-Control-Allow-Origin', b'https://huggingface.co'), (b'Vary', b'Origin'), (b'Access-Control-Expose-Headers', b'X-Repo-Commit,X-Request-Id,X-Error-Code,X-Error-Message,X-Total-Count,ETag,Link,Accept-Ranges,Content-Range,X-Linked-Size,X-Linked-ETag,X-Xet-Hash'), (b'X-Repo-Commit', b'2290a62682d06624634c1f46a6ad5be0f47f38aa'), (b'Accept-Ranges', b'bytes'), (b'X-Hub-Cache', b'HIT'), (b'Content-Disposition', b'inline; filename*=UTF-8\'\'config.json; filename="config.json";'), (b'Content-Security-Policy', b"default-src 'none'; sandbox"), (b'X-Cache', b'Miss from cloudfront'), (b'Via', b'1.1 e37cc56c1fb37c011773a88fd17041f8.cloudfront.net (CloudFront)'), (b'X-Amz-Cf-Pop', b'ORD58-P13'), (b'X-Amz-Cf-Id', b'tgMs647GX7sOahZP2NLGWZ80iej2ZyZDeAQxEy9gsoRNVzSUrwQUQg==')])
2026-02-11 14:59:19,612 - INFO - [_client.py:1025] - HTTP Request: HEAD https://huggingface.co/distilgpt2/resolve/main/config.json "HTTP/1.1 200 OK"
2026-02-11 14:59:19,612 - DEBUG - [_trace.py:47] - receive_response_body.started request=<Request [b'HEAD']>
2026-02-11 14:59:19,612 - DEBUG - [_trace.py:47] - receive_response_body.complete
2026-02-11 14:59:19,613 - DEBUG - [_trace.py:47] - response_closed.started
2026-02-11 14:59:19,613 - DEBUG - [_trace.py:47] - response_closed.complete
2026-02-11 14:59:19,616 - DEBUG - [_trace.py:47] - send_request_headers.started request=<Request [b'HEAD']>
2026-02-11 14:59:19,616 - DEBUG - [_trace.py:47] - send_request_headers.complete
2026-02-11 14:59:19,616 - DEBUG - [_trace.py:47] - send_request_body.started request=<Request [b'HEAD']>
2026-02-11 14:59:19,617 - DEBUG - [_trace.py:47] - send_request_body.complete
2026-02-11 14:59:19,617 - DEBUG - [_trace.py:47] - receive_response_headers.started request=<Request [b'HEAD']>
2026-02-11 14:59:19,667 - DEBUG - [_trace.py:47] - receive_response_headers.complete return_value=(b'HTTP/1.1', 200, b'OK', [(b'Content-Type', b'text/plain; charset=utf-8'), (b'Content-Length', b'26'), (b'Connection', b'keep-alive'), (b'Date', b'Wed, 11 Feb 2026 19:59:19 GMT'), (b'ETag', b'"be4d21d94f3b4687e5a54d84bf6ab46ed0f8defd"'), (b'X-Powered-By', b'huggingface-moon'), (b'X-Request-Id', b'Root=1-698cdf97-6ebe311a4fbf1d161753feff;082cd258-337e-4c1d-bf6c-e487e248ea62'), (b'RateLimit', b'"resolvers";r=2998;t=201'), (b'RateLimit-Policy', b'"fixed window";"resolvers";q=3000;w=300'), (b'cross-origin-opener-policy', b'same-origin'), (b'Referrer-Policy', b'strict-origin-when-cross-origin'), (b'Access-Control-Max-Age', b'86400'), (b'Access-Control-Allow-Origin', b'https://huggingface.co'), (b'Vary', b'Origin'), (b'Access-Control-Expose-Headers', b'X-Repo-Commit,X-Request-Id,X-Error-Code,X-Error-Message,X-Total-Count,ETag,Link,Accept-Ranges,Content-Range,X-Linked-Size,X-Linked-ETag,X-Xet-Hash'), (b'X-Repo-Commit', b'2290a62682d06624634c1f46a6ad5be0f47f38aa'), (b'Accept-Ranges', b'bytes'), (b'X-Hub-Cache', b'HIT'), (b'Content-Disposition', b'inline; filename*=UTF-8\'\'tokenizer_config.json; filename="tokenizer_config.json";'), (b'Content-Security-Policy', b"default-src 'none'; sandbox"), (b'X-Cache', b'Miss from cloudfront'), (b'Via', b'1.1 e37cc56c1fb37c011773a88fd17041f8.cloudfront.net (CloudFront)'), (b'X-Amz-Cf-Pop', b'ORD58-P13'), (b'X-Amz-Cf-Id', b'v9CTVbZgQCBRCjVon3qSxFG9pigbxpAI-okYLAB4_LJEWC-pPwtshw==')])
2026-02-11 14:59:19,668 - INFO - [_client.py:1025] - HTTP Request: HEAD https://huggingface.co/distilgpt2/resolve/main/tokenizer_config.json "HTTP/1.1 200 OK"
2026-02-11 14:59:19,668 - DEBUG - [_trace.py:47] - receive_response_body.started request=<Request [b'HEAD']>
2026-02-11 14:59:19,668 - DEBUG - [_trace.py:47] - receive_response_body.complete
2026-02-11 14:59:19,669 - DEBUG - [_trace.py:47] - response_closed.started
2026-02-11 14:59:19,669 - DEBUG - [_trace.py:47] - response_closed.complete
2026-02-11 14:59:19,671 - DEBUG - [_trace.py:47] - send_request_headers.started request=<Request [b'GET']>
2026-02-11 14:59:19,671 - DEBUG - [_trace.py:47] - send_request_headers.complete
2026-02-11 14:59:19,671 - DEBUG - [_trace.py:47] - send_request_body.started request=<Request [b'GET']>
2026-02-11 14:59:19,672 - DEBUG - [_trace.py:47] - send_request_body.complete
2026-02-11 14:59:19,672 - DEBUG - [_trace.py:47] - receive_response_headers.started request=<Request [b'GET']>
2026-02-11 14:59:19,726 - DEBUG - [_trace.py:47] - receive_response_headers.complete return_value=(b'HTTP/1.1', 307, b'Temporary Redirect', [(b'Content-Type', b'text/plain; charset=utf-8'), (b'Content-Length', b'133'), (b'Connection', b'keep-alive'), (b'Date', b'Wed, 11 Feb 2026 19:59:19 GMT'), (b'Location', b'/api/models/distilbert/distilgpt2/tree/main/additional_chat_templates?recursive=false&expand=false'), (b'X-Powered-By', b'huggingface-moon'), (b'X-Request-Id', b'Root=1-698cdf97-22a3130e5dbc9d286701b4eb;e624f16b-b9d8-47d2-9ae7-a6e0fc1b27f2'), (b'RateLimit', b'"api";r=499;t=201'), (b'RateLimit-Policy', b'"fixed window";"api";q=500;w=300'), (b'cross-origin-opener-policy', b'same-origin'), (b'Referrer-Policy', b'strict-origin-when-cross-origin'), (b'Access-Control-Max-Age', b'86400'), (b'Access-Control-Allow-Origin', b'https://huggingface.co'), (b'Vary', b'Origin, Accept'), (b'Access-Control-Expose-Headers', b'X-Repo-Commit,X-Request-Id,X-Error-Code,X-Error-Message,X-Total-Count,ETag,Link,Accept-Ranges,Content-Range,X-Linked-Size,X-Linked-ETag,X-Xet-Hash'), (b'X-Cache', b'Miss from cloudfront'), (b'Via', b'1.1 e37cc56c1fb37c011773a88fd17041f8.cloudfront.net (CloudFront)'), (b'X-Amz-Cf-Pop', b'ORD58-P13'), (b'X-Amz-Cf-Id', b'pRlJ9JvY8WzEwM-mCU_S_HVBN7GmzL7q0TqqWchH2sYUAvMX4W_8sg==')])
2026-02-11 14:59:19,727 - INFO - [_client.py:1025] - HTTP Request: GET https://huggingface.co/api/models/distilgpt2/tree/main/additional_chat_templates?recursive=false&expand=false "HTTP/1.1 307 Temporary Redirect"
2026-02-11 14:59:19,727 - DEBUG - [_trace.py:47] - receive_response_body.started request=<Request [b'GET']>
2026-02-11 14:59:19,727 - DEBUG - [_trace.py:47] - receive_response_body.complete
2026-02-11 14:59:19,728 - DEBUG - [_trace.py:47] - response_closed.started
2026-02-11 14:59:19,728 - DEBUG - [_trace.py:47] - response_closed.complete
2026-02-11 14:59:19,728 - DEBUG - [_trace.py:47] - send_request_headers.started request=<Request [b'GET']>
2026-02-11 14:59:19,728 - DEBUG - [_trace.py:47] - send_request_headers.complete
2026-02-11 14:59:19,729 - DEBUG - [_trace.py:47] - send_request_body.started request=<Request [b'GET']>
2026-02-11 14:59:19,729 - DEBUG - [_trace.py:47] - send_request_body.complete
2026-02-11 14:59:19,729 - DEBUG - [_trace.py:47] - receive_response_headers.started request=<Request [b'GET']>
2026-02-11 14:59:19,778 - DEBUG - [_trace.py:47] - receive_response_headers.complete return_value=(b'HTTP/1.1', 404, b'Not Found', [(b'Content-Type', b'application/json; charset=utf-8'), (b'Content-Length', b'64'), (b'Connection', b'keep-alive'), (b'Date', b'Wed, 11 Feb 2026 19:59:19 GMT'), (b'ETag', b'W/"40-09f9IAqP13xarAhQxFS2W8rvRkM"'), (b'X-Powered-By', b'huggingface-moon'), (b'X-Request-Id', b'Root=1-698cdf97-5bb6c46e3aa9080e709971eb;e624f16b-b9d8-47d2-9ae7-a6e0fc1b27f2'), (b'RateLimit', b'"api";r=498;t=201'), (b'RateLimit-Policy', b'"fixed window";"api";q=500;w=300'), (b'cross-origin-opener-policy', b'same-origin'), (b'Referrer-Policy', b'strict-origin-when-cross-origin'), (b'Access-Control-Max-Age', b'86400'), (b'Access-Control-Allow-Origin', b'https://huggingface.co'), (b'Vary', b'Origin'), (b'Access-Control-Expose-Headers', b'X-Repo-Commit,X-Request-Id,X-Error-Code,X-Error-Message,X-Total-Count,ETag,Link,Accept-Ranges,Content-Range,X-Linked-Size,X-Linked-ETag,X-Xet-Hash'), (b'X-Error-Code', b'EntryNotFound'), (b'X-Error-Message', b'additional_chat_templates does not exist on "main"'), (b'X-Cache', b'Error from cloudfront'), (b'Via', b'1.1 e37cc56c1fb37c011773a88fd17041f8.cloudfront.net (CloudFront)'), (b'X-Amz-Cf-Pop', b'ORD58-P13'), (b'X-Amz-Cf-Id', b'vBDWXSRi0a6vjYE5mTx-u_3eGbbA4C2gPYFNiLHRYwueQSSTYSDjuA==')])
2026-02-11 14:59:19,779 - INFO - [_client.py:1025] - HTTP Request: GET https://huggingface.co/api/models/distilbert/distilgpt2/tree/main/additional_chat_templates?recursive=false&expand=false "HTTP/1.1 404 Not Found"
2026-02-11 14:59:19,779 - DEBUG - [_trace.py:47] - receive_response_body.started request=<Request [b'GET']>
2026-02-11 14:59:19,779 - DEBUG - [_trace.py:47] - receive_response_body.complete
2026-02-11 14:59:19,779 - DEBUG - [_trace.py:47] - response_closed.started
2026-02-11 14:59:19,780 - DEBUG - [_trace.py:47] - response_closed.complete
2026-02-11 14:59:19,780 - DEBUG - [_trace.py:47] - send_request_headers.started request=<Request [b'GET']>
2026-02-11 14:59:19,781 - DEBUG - [_trace.py:47] - send_request_headers.complete
2026-02-11 14:59:19,781 - DEBUG - [_trace.py:47] - send_request_body.started request=<Request [b'GET']>
2026-02-11 14:59:19,781 - DEBUG - [_trace.py:47] - send_request_body.complete
2026-02-11 14:59:19,781 - DEBUG - [_trace.py:47] - receive_response_headers.started request=<Request [b'GET']>
2026-02-11 14:59:19,826 - DEBUG - [_trace.py:47] - receive_response_headers.complete return_value=(b'HTTP/1.1', 307, b'Temporary Redirect', [(b'Content-Type', b'text/plain; charset=utf-8'), (b'Content-Length', b'106'), (b'Connection', b'keep-alive'), (b'Date', b'Wed, 11 Feb 2026 19:59:19 GMT'), (b'Location', b'/api/models/distilbert/distilgpt2/tree/main?recursive=true&expand=false'), (b'X-Powered-By', b'huggingface-moon'), (b'X-Request-Id', b'Root=1-698cdf97-1b38cde54488aac83e366c3c;3f0e5ef2-7cfa-4a0f-ae8d-2b1c1396bc11'), (b'RateLimit', b'"api";r=497;t=201'), (b'RateLimit-Policy', b'"fixed window";"api";q=500;w=300'), (b'cross-origin-opener-policy', b'same-origin'), (b'Referrer-Policy', b'strict-origin-when-cross-origin'), (b'Access-Control-Max-Age', b'86400'), (b'Access-Control-Allow-Origin', b'https://huggingface.co'), (b'Vary', b'Origin, Accept'), (b'Access-Control-Expose-Headers', b'X-Repo-Commit,X-Request-Id,X-Error-Code,X-Error-Message,X-Total-Count,ETag,Link,Accept-Ranges,Content-Range,X-Linked-Size,X-Linked-ETag,X-Xet-Hash'), (b'X-Cache', b'Miss from cloudfront'), (b'Via', b'1.1 e37cc56c1fb37c011773a88fd17041f8.cloudfront.net (CloudFront)'), (b'X-Amz-Cf-Pop', b'ORD58-P13'), (b'X-Amz-Cf-Id', b'w1bqINJEYPPvAa2Gv0fMMm5m4l2CuZvPTSavshcKHc9VFpX_MVWFDQ==')])
2026-02-11 14:59:19,827 - INFO - [_client.py:1025] - HTTP Request: GET https://huggingface.co/api/models/distilgpt2/tree/main?recursive=true&expand=false "HTTP/1.1 307 Temporary Redirect"
2026-02-11 14:59:19,827 - DEBUG - [_trace.py:47] - receive_response_body.started request=<Request [b'GET']>
2026-02-11 14:59:19,828 - DEBUG - [_trace.py:47] - receive_response_body.complete
2026-02-11 14:59:19,828 - DEBUG - [_trace.py:47] - response_closed.started
2026-02-11 14:59:19,828 - DEBUG - [_trace.py:47] - response_closed.complete
2026-02-11 14:59:19,828 - DEBUG - [_trace.py:47] - send_request_headers.started request=<Request [b'GET']>
2026-02-11 14:59:19,829 - DEBUG - [_trace.py:47] - send_request_headers.complete
2026-02-11 14:59:19,829 - DEBUG - [_trace.py:47] - send_request_body.started request=<Request [b'GET']>
2026-02-11 14:59:19,829 - DEBUG - [_trace.py:47] - send_request_body.complete
2026-02-11 14:59:19,829 - DEBUG - [_trace.py:47] - receive_response_headers.started request=<Request [b'GET']>
2026-02-11 14:59:19,921 - DEBUG - [_trace.py:47] - receive_response_headers.complete return_value=(b'HTTP/1.1', 200, b'OK', [(b'Content-Type', b'application/json; charset=utf-8'), (b'Content-Length', b'4724'), (b'Connection', b'keep-alive'), (b'Date', b'Wed, 11 Feb 2026 19:59:19 GMT'), (b'ETag', b'W/"1274-eFmt08KAXlVWSRkxoOx+V6WtpW0"'), (b'X-Powered-By', b'huggingface-moon'), (b'X-Request-Id', b'Root=1-698cdf97-4006bd7d7c8f72cd2ed7ad76;3f0e5ef2-7cfa-4a0f-ae8d-2b1c1396bc11'), (b'RateLimit', b'"api";r=496;t=201'), (b'RateLimit-Policy', b'"fixed window";"api";q=500;w=300'), (b'cross-origin-opener-policy', b'same-origin'), (b'Referrer-Policy', b'strict-origin-when-cross-origin'), (b'Access-Control-Max-Age', b'86400'), (b'Access-Control-Allow-Origin', b'https://huggingface.co'), (b'Vary', b'Origin'), (b'Access-Control-Expose-Headers', b'X-Repo-Commit,X-Request-Id,X-Error-Code,X-Error-Message,X-Total-Count,ETag,Link,Accept-Ranges,Content-Range,X-Linked-Size,X-Linked-ETag,X-Xet-Hash'), (b'X-Cache', b'Miss from cloudfront'), (b'Via', b'1.1 e37cc56c1fb37c011773a88fd17041f8.cloudfront.net (CloudFront)'), (b'X-Amz-Cf-Pop', b'ORD58-P13'), (b'X-Amz-Cf-Id', b'CfUgRY8Gb4-0uH_KR_MIUyzHDlONXhKMqBCRRiNAl7cqZg2zqvChQA==')])
2026-02-11 14:59:19,921 - INFO - [_client.py:1025] - HTTP Request: GET https://huggingface.co/api/models/distilbert/distilgpt2/tree/main?recursive=true&expand=false "HTTP/1.1 200 OK"
2026-02-11 14:59:19,922 - DEBUG - [_trace.py:47] - receive_response_body.started request=<Request [b'GET']>
2026-02-11 14:59:19,922 - DEBUG - [_trace.py:47] - receive_response_body.complete
2026-02-11 14:59:19,922 - DEBUG - [_trace.py:47] - response_closed.started
2026-02-11 14:59:19,922 - DEBUG - [_trace.py:47] - response_closed.complete
2026-02-11 14:59:20,088 - INFO - [offensive_security_ai.py:49] - Memory usage at after_tokenizer: 777.32 MB
2026-02-11 14:59:20,089 - INFO - [offensive_security_ai.py:126] - Tokenizer loaded successfully
2026-02-11 14:59:20,089 - INFO - [offensive_security_ai.py:129] - Preparing model loading parameters...
2026-02-11 14:59:20,089 - INFO - [offensive_security_ai.py:141] - Loading model weights...
2026-02-11 14:59:20,089 - INFO - [offensive_security_ai.py:49] - Memory usage at before_model_load: 777.32 MB
2026-02-11 14:59:20,091 - DEBUG - [_trace.py:47] - send_request_headers.started request=<Request [b'HEAD']>
2026-02-11 14:59:20,091 - DEBUG - [_trace.py:47] - send_request_headers.complete
2026-02-11 14:59:20,091 - DEBUG - [_trace.py:47] - send_request_body.started request=<Request [b'HEAD']>
2026-02-11 14:59:20,091 - DEBUG - [_trace.py:47] - send_request_body.complete
2026-02-11 14:59:20,092 - DEBUG - [_trace.py:47] - receive_response_headers.started request=<Request [b'HEAD']>
2026-02-11 14:59:20,140 - DEBUG - [_trace.py:47] - receive_response_headers.complete return_value=(b'HTTP/1.1', 200, b'OK', [(b'Content-Type', b'text/plain; charset=utf-8'), (b'Content-Length', b'762'), (b'Connection', b'keep-alive'), (b'Date', b'Wed, 11 Feb 2026 19:59:20 GMT'), (b'ETag', b'"fed02aafb76b46aa5da200966f9e42262e758023"'), (b'X-Powered-By', b'huggingface-moon'), (b'X-Request-Id', b'Root=1-698cdf98-1c5d6c2c564ddab01ad9ab69;2c70b80f-4c08-4a6f-ab02-102bad5590aa'), (b'RateLimit', b'"resolvers";r=2997;t=200'), (b'RateLimit-Policy', b'"fixed window";"resolvers";q=3000;w=300'), (b'cross-origin-opener-policy', b'same-origin'), (b'Referrer-Policy', b'strict-origin-when-cross-origin'), (b'Access-Control-Max-Age', b'86400'), (b'Access-Control-Allow-Origin', b'https://huggingface.co'), (b'Vary', b'Origin'), (b'Access-Control-Expose-Headers', b'X-Repo-Commit,X-Request-Id,X-Error-Code,X-Error-Message,X-Total-Count,ETag,Link,Accept-Ranges,Content-Range,X-Linked-Size,X-Linked-ETag,X-Xet-Hash'), (b'X-Repo-Commit', b'2290a62682d06624634c1f46a6ad5be0f47f38aa'), (b'Accept-Ranges', b'bytes'), (b'X-Hub-Cache', b'HIT'), (b'Content-Disposition', b'inline; filename*=UTF-8\'\'config.json; filename="config.json";'), (b'Content-Security-Policy', b"default-src 'none'; sandbox"), (b'X-Cache', b'Miss from cloudfront'), (b'Via', b'1.1 e37cc56c1fb37c011773a88fd17041f8.cloudfront.net (CloudFront)'), (b'X-Amz-Cf-Pop', b'ORD58-P13'), (b'X-Amz-Cf-Id', b'jNgb7qhoPGZpfscVT5nDM1HbZYAwgPS_x6tOBrb6KRw6eoow-K3L_Q==')])
2026-02-11 14:59:20,140 - INFO - [_client.py:1025] - HTTP Request: HEAD https://huggingface.co/distilgpt2/resolve/main/config.json "HTTP/1.1 200 OK"
2026-02-11 14:59:20,141 - DEBUG - [_trace.py:47] - receive_response_body.started request=<Request [b'HEAD']>
2026-02-11 14:59:20,141 - DEBUG - [_trace.py:47] - receive_response_body.complete
2026-02-11 14:59:20,141 - DEBUG - [_trace.py:47] - response_closed.started
2026-02-11 14:59:20,141 - DEBUG - [_trace.py:47] - response_closed.complete
2026-02-11 14:59:20,295 - DEBUG - [_trace.py:47] - send_request_headers.started request=<Request [b'HEAD']>
2026-02-11 14:59:20,295 - DEBUG - [_trace.py:47] - send_request_headers.complete
2026-02-11 14:59:20,295 - DEBUG - [_trace.py:47] - send_request_body.started request=<Request [b'HEAD']>
2026-02-11 14:59:20,296 - DEBUG - [_trace.py:47] - send_request_body.complete
2026-02-11 14:59:20,296 - DEBUG - [_trace.py:47] - receive_response_headers.started request=<Request [b'HEAD']>
2026-02-11 14:59:20,346 - DEBUG - [_trace.py:47] - receive_response_headers.complete return_value=(b'HTTP/1.1', 200, b'OK', [(b'Content-Type', b'text/plain; charset=utf-8'), (b'Content-Length', b'124'), (b'Connection', b'keep-alive'), (b'Date', b'Wed, 11 Feb 2026 19:59:20 GMT'), (b'ETag', b'"057e43033439e068b325f32af95dde9efc9552ae"'), (b'X-Powered-By', b'huggingface-moon'), (b'X-Request-Id', b'Root=1-698cdf98-6acd43762e93107448392515;1aeca8ed-84a4-44a3-8324-8dbd6ec8eede'), (b'RateLimit', b'"resolvers";r=2996;t=200'), (b'RateLimit-Policy', b'"fixed window";"resolvers";q=3000;w=300'), (b'cross-origin-opener-policy', b'same-origin'), (b'Referrer-Policy', b'strict-origin-when-cross-origin'), (b'Access-Control-Max-Age', b'86400'), (b'Access-Control-Allow-Origin', b'https://huggingface.co'), (b'Vary', b'Origin'), (b'Access-Control-Expose-Headers', b'X-Repo-Commit,X-Request-Id,X-Error-Code,X-Error-Message,X-Total-Count,ETag,Link,Accept-Ranges,Content-Range,X-Linked-Size,X-Linked-ETag,X-Xet-Hash'), (b'X-Repo-Commit', b'2290a62682d06624634c1f46a6ad5be0f47f38aa'), (b'Accept-Ranges', b'bytes'), (b'X-Hub-Cache', b'HIT'), (b'Content-Disposition', b'inline; filename*=UTF-8\'\'generation_config.json; filename="generation_config.json";'), (b'Content-Security-Policy', b"default-src 'none'; sandbox"), (b'X-Cache', b'Miss from cloudfront'), (b'Via', b'1.1 e37cc56c1fb37c011773a88fd17041f8.cloudfront.net (CloudFront)'), (b'X-Amz-Cf-Pop', b'ORD58-P13'), (b'X-Amz-Cf-Id', b'lvOlw41PqQW0H1WYn3n0T-JExOfTTTgUSZvRVtN971JsrLJuC5xkJA==')])
2026-02-11 14:59:20,346 - INFO - [_client.py:1025] - HTTP Request: HEAD https://huggingface.co/distilgpt2/resolve/main/generation_config.json "HTTP/1.1 200 OK"
2026-02-11 14:59:20,347 - DEBUG - [_trace.py:47] - receive_response_body.started request=<Request [b'HEAD']>
2026-02-11 14:59:20,347 - DEBUG - [_trace.py:47] - receive_response_body.complete
2026-02-11 14:59:20,347 - DEBUG - [_trace.py:47] - response_closed.started
2026-02-11 14:59:20,347 - DEBUG - [_trace.py:47] - response_closed.complete
2026-02-11 14:59:20,348 - DEBUG - [_api.py:331] - Attempting to acquire lock 131968111796368 on /home/acloudsecninja/.cache/huggingface/hub/.locks/models--distilgpt2/057e43033439e068b325f32af95dde9efc9552ae.lock
2026-02-11 14:59:20,348 - DEBUG - [_api.py:334] - Lock 131968111796368 acquired on /home/acloudsecninja/.cache/huggingface/hub/.locks/models--distilgpt2/057e43033439e068b325f32af95dde9efc9552ae.lock
2026-02-11 14:59:20,349 - DEBUG - [_trace.py:47] - send_request_headers.started request=<Request [b'GET']>
2026-02-11 14:59:20,349 - DEBUG - [_trace.py:47] - send_request_headers.complete
2026-02-11 14:59:20,349 - DEBUG - [_trace.py:47] - send_request_body.started request=<Request [b'GET']>
2026-02-11 14:59:20,350 - DEBUG - [_trace.py:47] - send_request_body.complete
2026-02-11 14:59:20,350 - DEBUG - [_trace.py:47] - receive_response_headers.started request=<Request [b'GET']>
2026-02-11 14:59:20,404 - DEBUG - [_trace.py:47] - receive_response_headers.complete return_value=(b'HTTP/1.1', 200, b'OK', [(b'Content-Type', b'text/plain; charset=utf-8'), (b'Content-Length', b'124'), (b'Connection', b'keep-alive'), (b'Date', b'Wed, 11 Feb 2026 19:59:20 GMT'), (b'ETag', b'"057e43033439e068b325f32af95dde9efc9552ae"'), (b'X-Powered-By', b'huggingface-moon'), (b'X-Request-Id', b'Root=1-698cdf98-12156f66237fc9cd0f54399c;46df1156-7d57-4c82-bc4c-6206267620ca'), (b'RateLimit', b'"resolvers";r=2995;t=200'), (b'RateLimit-Policy', b'"fixed window";"resolvers";q=3000;w=300'), (b'cross-origin-opener-policy', b'same-origin'), (b'Referrer-Policy', b'strict-origin-when-cross-origin'), (b'Access-Control-Max-Age', b'86400'), (b'Access-Control-Allow-Origin', b'https://huggingface.co'), (b'Vary', b'Origin'), (b'Access-Control-Expose-Headers', b'X-Repo-Commit,X-Request-Id,X-Error-Code,X-Error-Message,X-Total-Count,ETag,Link,Accept-Ranges,Content-Range,X-Linked-Size,X-Linked-ETag,X-Xet-Hash'), (b'X-Repo-Commit', b'2290a62682d06624634c1f46a6ad5be0f47f38aa'), (b'Accept-Ranges', b'bytes'), (b'Content-Disposition', b'inline; filename*=UTF-8\'\'generation_config.json; filename="generation_config.json";'), (b'Content-Security-Policy', b"default-src 'none'; sandbox"), (b'X-Cache', b'Miss from cloudfront'), (b'Via', b'1.1 e37cc56c1fb37c011773a88fd17041f8.cloudfront.net (CloudFront)'), (b'X-Amz-Cf-Pop', b'ORD58-P13'), (b'X-Amz-Cf-Id', b'bcXfgQ9h0ehh3EsuVTOfv0kR5D1I_mYGwSlQkILeiUHcUjaP_46URA==')])
2026-02-11 14:59:20,405 - INFO - [_client.py:1025] - HTTP Request: GET https://huggingface.co/distilgpt2/resolve/main/generation_config.json "HTTP/1.1 200 OK"
2026-02-11 14:59:20,405 - DEBUG - [_trace.py:47] - receive_response_body.started request=<Request [b'GET']>
2026-02-11 14:59:20,405 - DEBUG - [_trace.py:47] - receive_response_body.complete
2026-02-11 14:59:20,405 - DEBUG - [_trace.py:47] - response_closed.started
2026-02-11 14:59:20,406 - DEBUG - [_trace.py:47] - response_closed.complete
2026-02-11 14:59:20,408 - DEBUG - [_api.py:364] - Attempting to release lock 131968111796368 on /home/acloudsecninja/.cache/huggingface/hub/.locks/models--distilgpt2/057e43033439e068b325f32af95dde9efc9552ae.lock
2026-02-11 14:59:20,408 - DEBUG - [_api.py:367] - Lock 131968111796368 released on /home/acloudsecninja/.cache/huggingface/hub/.locks/models--distilgpt2/057e43033439e068b325f32af95dde9efc9552ae.lock
2026-02-11 14:59:20,409 - INFO - [offensive_security_ai.py:49] - Memory usage at after_model_load: 786.82 MB
2026-02-11 14:59:20,409 - INFO - [offensive_security_ai.py:150] - Model weights loaded successfully
2026-02-11 14:59:20,409 - INFO - [offensive_security_ai.py:153] - Moving model to CPU...
2026-02-11 14:59:20,411 - INFO - [offensive_security_ai.py:49] - Memory usage at after_model_to_cpu: 786.95 MB
2026-02-11 14:59:20,411 - INFO - [offensive_security_ai.py:160] - Set padding token to EOS token
2026-02-11 14:59:20,411 - INFO - [offensive_security_ai.py:164] - Setting max_length to 128 for memory efficiency
2026-02-11 14:59:20,412 - INFO - [offensive_security_ai.py:166] - Creating generation pipeline...
2026-02-11 14:59:20,412 - INFO - [offensive_security_ai.py:49] - Memory usage at before_pipeline: 786.95 MB
2026-02-11 14:59:20,412 - INFO - [offensive_security_ai.py:49] - Memory usage at after_pipeline: 786.95 MB
2026-02-11 14:59:20,413 - INFO - [offensive_security_ai.py:183] - Model loading completed successfully
2026-02-11 15:01:06,886 - INFO - [offensive_security_ai.py:49] - Memory usage at start_load_model: 728.87 MB
2026-02-11 15:01:06,886 - INFO - [offensive_security_ai.py:96] - Starting model loading process
2026-02-11 15:01:06,886 - INFO - [offensive_security_ai.py:97] - Model: gpt2, Device: cpu
2026-02-11 15:01:06,888 - INFO - [offensive_security_ai.py:106] - Loading model: gpt2
2026-02-11 15:01:06,888 - INFO - [offensive_security_ai.py:49] - Memory usage at before_tokenizer: 729.00 MB
2026-02-11 15:01:06,888 - INFO - [offensive_security_ai.py:117] - 8-bit quantization available
2026-02-11 15:01:06,888 - INFO - [offensive_security_ai.py:123] - Loading tokenizer...
2026-02-11 15:01:06,910 - DEBUG - [_trace.py:47] - connect_tcp.started host='huggingface.co' port=443 local_address=None timeout=10 socket_options=None
2026-02-11 15:01:06,954 - DEBUG - [_trace.py:47] - connect_tcp.complete return_value=<httpcore._backends.sync.SyncStream object at 0x7c53e1d5b170>
2026-02-11 15:01:06,954 - DEBUG - [_trace.py:47] - start_tls.started ssl_context=<ssl.SSLContext object at 0x7c53e1d6d5d0> server_hostname='huggingface.co' timeout=10
2026-02-11 15:01:07,006 - DEBUG - [_trace.py:47] - start_tls.complete return_value=<httpcore._backends.sync.SyncStream object at 0x7c53f0c47530>
2026-02-11 15:01:07,006 - DEBUG - [_trace.py:47] - send_request_headers.started request=<Request [b'HEAD']>
2026-02-11 15:01:07,006 - DEBUG - [_trace.py:47] - send_request_headers.complete
2026-02-11 15:01:07,007 - DEBUG - [_trace.py:47] - send_request_body.started request=<Request [b'HEAD']>
2026-02-11 15:01:07,007 - DEBUG - [_trace.py:47] - send_request_body.complete
2026-02-11 15:01:07,007 - DEBUG - [_trace.py:47] - receive_response_headers.started request=<Request [b'HEAD']>
2026-02-11 15:01:07,054 - DEBUG - [_trace.py:47] - receive_response_headers.complete return_value=(b'HTTP/1.1', 200, b'OK', [(b'Content-Type', b'text/plain; charset=utf-8'), (b'Content-Length', b'665'), (b'Connection', b'keep-alive'), (b'Date', b'Wed, 11 Feb 2026 20:01:07 GMT'), (b'ETag', b'"10c66461e4c109db5a2196bff4bb59be30396ed8"'), (b'X-Powered-By', b'huggingface-moon'), (b'X-Request-Id', b'Root=1-698ce003-20bc1c9d22bc956f54017d25;977ec5e7-3dcc-42b9-8c29-c8f64c8f950c'), (b'RateLimit', b'"resolvers";r=2994;t=93'), (b'RateLimit-Policy', b'"fixed window";"resolvers";q=3000;w=300'), (b'cross-origin-opener-policy', b'same-origin'), (b'Referrer-Policy', b'strict-origin-when-cross-origin'), (b'Access-Control-Max-Age', b'86400'), (b'Access-Control-Allow-Origin', b'https://huggingface.co'), (b'Vary', b'Origin'), (b'Access-Control-Expose-Headers', b'X-Repo-Commit,X-Request-Id,X-Error-Code,X-Error-Message,X-Total-Count,ETag,Link,Accept-Ranges,Content-Range,X-Linked-Size,X-Linked-ETag,X-Xet-Hash'), (b'X-Repo-Commit', b'607a30d783dfa663caf39e06633721c8d4cfcd7e'), (b'Accept-Ranges', b'bytes'), (b'X-Hub-Cache', b'HIT'), (b'Content-Disposition', b'inline; filename*=UTF-8\'\'config.json; filename="config.json";'), (b'Content-Security-Policy', b"default-src 'none'; sandbox"), (b'X-Cache', b'Miss from cloudfront'), (b'Via', b'1.1 f649a7c6e5fc5f853b7307be97ce7892.cloudfront.net (CloudFront)'), (b'X-Amz-Cf-Pop', b'ORD58-P13'), (b'X-Amz-Cf-Id', b'xxEydTSs5dbriPwugv51BKu9E1aDlOBvRMRYWlhfTk7Xw97U_WGPUg==')])
2026-02-11 15:01:07,055 - INFO - [_client.py:1025] - HTTP Request: HEAD https://huggingface.co/gpt2/resolve/main/config.json "HTTP/1.1 200 OK"
2026-02-11 15:01:07,056 - DEBUG - [_trace.py:47] - receive_response_body.started request=<Request [b'HEAD']>
2026-02-11 15:01:07,056 - DEBUG - [_trace.py:47] - receive_response_body.complete
2026-02-11 15:01:07,056 - DEBUG - [_trace.py:47] - response_closed.started
2026-02-11 15:01:07,056 - DEBUG - [_trace.py:47] - response_closed.complete
2026-02-11 15:01:07,061 - DEBUG - [_api.py:331] - Attempting to acquire lock 136699713004864 on /home/acloudsecninja/.cache/huggingface/hub/.locks/models--gpt2/10c66461e4c109db5a2196bff4bb59be30396ed8.lock
2026-02-11 15:01:07,061 - DEBUG - [_api.py:334] - Lock 136699713004864 acquired on /home/acloudsecninja/.cache/huggingface/hub/.locks/models--gpt2/10c66461e4c109db5a2196bff4bb59be30396ed8.lock
2026-02-11 15:01:07,062 - DEBUG - [_trace.py:47] - send_request_headers.started request=<Request [b'GET']>
2026-02-11 15:01:07,062 - DEBUG - [_trace.py:47] - send_request_headers.complete
2026-02-11 15:01:07,062 - DEBUG - [_trace.py:47] - send_request_body.started request=<Request [b'GET']>
2026-02-11 15:01:07,062 - DEBUG - [_trace.py:47] - send_request_body.complete
2026-02-11 15:01:07,063 - DEBUG - [_trace.py:47] - receive_response_headers.started request=<Request [b'GET']>
2026-02-11 15:01:07,119 - DEBUG - [_trace.py:47] - receive_response_headers.complete return_value=(b'HTTP/1.1', 200, b'OK', [(b'Content-Type', b'text/plain; charset=utf-8'), (b'Content-Length', b'665'), (b'Connection', b'keep-alive'), (b'Date', b'Wed, 11 Feb 2026 20:01:07 GMT'), (b'ETag', b'"10c66461e4c109db5a2196bff4bb59be30396ed8"'), (b'X-Powered-By', b'huggingface-moon'), (b'X-Request-Id', b'Root=1-698ce003-19587c3d2f7b061072d8d2b0;5ead852a-3cfa-4235-8380-dc8343b6a2ae'), (b'RateLimit', b'"resolvers";r=2993;t=93'), (b'RateLimit-Policy', b'"fixed window";"resolvers";q=3000;w=300'), (b'cross-origin-opener-policy', b'same-origin'), (b'Referrer-Policy', b'strict-origin-when-cross-origin'), (b'Access-Control-Max-Age', b'86400'), (b'Access-Control-Allow-Origin', b'https://huggingface.co'), (b'Vary', b'Origin'), (b'Access-Control-Expose-Headers', b'X-Repo-Commit,X-Request-Id,X-Error-Code,X-Error-Message,X-Total-Count,ETag,Link,Accept-Ranges,Content-Range,X-Linked-Size,X-Linked-ETag,X-Xet-Hash'), (b'X-Repo-Commit', b'607a30d783dfa663caf39e06633721c8d4cfcd7e'), (b'Accept-Ranges', b'bytes'), (b'Content-Disposition', b'inline; filename*=UTF-8\'\'config.json; filename="config.json";'), (b'Content-Security-Policy', b"default-src 'none'; sandbox"), (b'X-Cache', b'Miss from cloudfront'), (b'Via', b'1.1 f649a7c6e5fc5f853b7307be97ce7892.cloudfront.net (CloudFront)'), (b'X-Amz-Cf-Pop', b'ORD58-P13'), (b'X-Amz-Cf-Id', b'dzjHhFTtOIl-_sQCB-_id7t6aqhTnhHl_gqtPT8olWVe5LypCXrR2Q==')])
2026-02-11 15:01:07,120 - INFO - [_client.py:1025] - HTTP Request: GET https://huggingface.co/gpt2/resolve/main/config.json "HTTP/1.1 200 OK"
2026-02-11 15:01:07,121 - DEBUG - [_trace.py:47] - receive_response_body.started request=<Request [b'GET']>
2026-02-11 15:01:07,121 - DEBUG - [_trace.py:47] - receive_response_body.complete
2026-02-11 15:01:07,121 - DEBUG - [_trace.py:47] - response_closed.started
2026-02-11 15:01:07,121 - DEBUG - [_trace.py:47] - response_closed.complete
2026-02-11 15:01:07,123 - DEBUG - [_api.py:364] - Attempting to release lock 136699713004864 on /home/acloudsecninja/.cache/huggingface/hub/.locks/models--gpt2/10c66461e4c109db5a2196bff4bb59be30396ed8.lock
2026-02-11 15:01:07,123 - DEBUG - [_api.py:367] - Lock 136699713004864 released on /home/acloudsecninja/.cache/huggingface/hub/.locks/models--gpt2/10c66461e4c109db5a2196bff4bb59be30396ed8.lock
2026-02-11 15:01:07,127 - DEBUG - [_trace.py:47] - send_request_headers.started request=<Request [b'HEAD']>
2026-02-11 15:01:07,127 - DEBUG - [_trace.py:47] - send_request_headers.complete
2026-02-11 15:01:07,127 - DEBUG - [_trace.py:47] - send_request_body.started request=<Request [b'HEAD']>
2026-02-11 15:01:07,128 - DEBUG - [_trace.py:47] - send_request_body.complete
2026-02-11 15:01:07,128 - DEBUG - [_trace.py:47] - receive_response_headers.started request=<Request [b'HEAD']>
2026-02-11 15:01:07,176 - DEBUG - [_trace.py:47] - receive_response_headers.complete return_value=(b'HTTP/1.1', 200, b'OK', [(b'Content-Type', b'text/plain; charset=utf-8'), (b'Content-Length', b'26'), (b'Connection', b'keep-alive'), (b'Date', b'Wed, 11 Feb 2026 20:01:07 GMT'), (b'ETag', b'"be4d21d94f3b4687e5a54d84bf6ab46ed0f8defd"'), (b'X-Powered-By', b'huggingface-moon'), (b'X-Request-Id', b'Root=1-698ce003-0219e9ba048200996e1fd5d2;b5daeb34-2ed5-47c8-945d-b1123128b298'), (b'RateLimit', b'"resolvers";r=2992;t=93'), (b'RateLimit-Policy', b'"fixed window";"resolvers";q=3000;w=300'), (b'cross-origin-opener-policy', b'same-origin'), (b'Referrer-Policy', b'strict-origin-when-cross-origin'), (b'Access-Control-Max-Age', b'86400'), (b'Access-Control-Allow-Origin', b'https://huggingface.co'), (b'Vary', b'Origin'), (b'Access-Control-Expose-Headers', b'X-Repo-Commit,X-Request-Id,X-Error-Code,X-Error-Message,X-Total-Count,ETag,Link,Accept-Ranges,Content-Range,X-Linked-Size,X-Linked-ETag,X-Xet-Hash'), (b'X-Repo-Commit', b'607a30d783dfa663caf39e06633721c8d4cfcd7e'), (b'Accept-Ranges', b'bytes'), (b'X-Hub-Cache', b'HIT'), (b'Content-Disposition', b'inline; filename*=UTF-8\'\'tokenizer_config.json; filename="tokenizer_config.json";'), (b'Content-Security-Policy', b"default-src 'none'; sandbox"), (b'X-Cache', b'Miss from cloudfront'), (b'Via', b'1.1 f649a7c6e5fc5f853b7307be97ce7892.cloudfront.net (CloudFront)'), (b'X-Amz-Cf-Pop', b'ORD58-P13'), (b'X-Amz-Cf-Id', b'rGVKNdBteUHJ83vCszv8nRvKlFyIUO12U6wQQabeM-bY6RLSMstEaw==')])
2026-02-11 15:01:07,177 - INFO - [_client.py:1025] - HTTP Request: HEAD https://huggingface.co/gpt2/resolve/main/tokenizer_config.json "HTTP/1.1 200 OK"
2026-02-11 15:01:07,177 - DEBUG - [_trace.py:47] - receive_response_body.started request=<Request [b'HEAD']>
2026-02-11 15:01:07,177 - DEBUG - [_trace.py:47] - receive_response_body.complete
2026-02-11 15:01:07,177 - DEBUG - [_trace.py:47] - response_closed.started
2026-02-11 15:01:07,178 - DEBUG - [_trace.py:47] - response_closed.complete
2026-02-11 15:01:07,178 - DEBUG - [_api.py:331] - Attempting to acquire lock 136699715682224 on /home/acloudsecninja/.cache/huggingface/hub/.locks/models--gpt2/be4d21d94f3b4687e5a54d84bf6ab46ed0f8defd.lock
2026-02-11 15:01:07,178 - DEBUG - [_api.py:334] - Lock 136699715682224 acquired on /home/acloudsecninja/.cache/huggingface/hub/.locks/models--gpt2/be4d21d94f3b4687e5a54d84bf6ab46ed0f8defd.lock
2026-02-11 15:01:07,179 - DEBUG - [_trace.py:47] - send_request_headers.started request=<Request [b'GET']>
2026-02-11 15:01:07,179 - DEBUG - [_trace.py:47] - send_request_headers.complete
2026-02-11 15:01:07,179 - DEBUG - [_trace.py:47] - send_request_body.started request=<Request [b'GET']>
2026-02-11 15:01:07,180 - DEBUG - [_trace.py:47] - send_request_body.complete
2026-02-11 15:01:07,180 - DEBUG - [_trace.py:47] - receive_response_headers.started request=<Request [b'GET']>
2026-02-11 15:01:07,233 - DEBUG - [_trace.py:47] - receive_response_headers.complete return_value=(b'HTTP/1.1', 200, b'OK', [(b'Content-Type', b'text/plain; charset=utf-8'), (b'Content-Length', b'26'), (b'Connection', b'keep-alive'), (b'Date', b'Wed, 11 Feb 2026 20:01:07 GMT'), (b'ETag', b'"be4d21d94f3b4687e5a54d84bf6ab46ed0f8defd"'), (b'X-Powered-By', b'huggingface-moon'), (b'X-Request-Id', b'Root=1-698ce003-77ac70b311ab83811bdb33df;9a8eec49-29bd-4cba-869d-d2f263730438'), (b'RateLimit', b'"resolvers";r=2991;t=93'), (b'RateLimit-Policy', b'"fixed window";"resolvers";q=3000;w=300'), (b'cross-origin-opener-policy', b'same-origin'), (b'Referrer-Policy', b'strict-origin-when-cross-origin'), (b'Access-Control-Max-Age', b'86400'), (b'Access-Control-Allow-Origin', b'https://huggingface.co'), (b'Vary', b'Origin'), (b'Access-Control-Expose-Headers', b'X-Repo-Commit,X-Request-Id,X-Error-Code,X-Error-Message,X-Total-Count,ETag,Link,Accept-Ranges,Content-Range,X-Linked-Size,X-Linked-ETag,X-Xet-Hash'), (b'X-Repo-Commit', b'607a30d783dfa663caf39e06633721c8d4cfcd7e'), (b'Accept-Ranges', b'bytes'), (b'Content-Disposition', b'inline; filename*=UTF-8\'\'tokenizer_config.json; filename="tokenizer_config.json";'), (b'Content-Security-Policy', b"default-src 'none'; sandbox"), (b'X-Cache', b'Miss from cloudfront'), (b'Via', b'1.1 f649a7c6e5fc5f853b7307be97ce7892.cloudfront.net (CloudFront)'), (b'X-Amz-Cf-Pop', b'ORD58-P13'), (b'X-Amz-Cf-Id', b'eBhNMMpAxiy0KH43qUOp_bGE6UkgDO-pECtqeilxgEukPgUN2znqlQ==')])
2026-02-11 15:01:07,233 - INFO - [_client.py:1025] - HTTP Request: GET https://huggingface.co/gpt2/resolve/main/tokenizer_config.json "HTTP/1.1 200 OK"
2026-02-11 15:01:07,234 - DEBUG - [_trace.py:47] - receive_response_body.started request=<Request [b'GET']>
2026-02-11 15:01:07,234 - DEBUG - [_trace.py:47] - receive_response_body.complete
2026-02-11 15:01:07,234 - DEBUG - [_trace.py:47] - response_closed.started
2026-02-11 15:01:07,234 - DEBUG - [_trace.py:47] - response_closed.complete
2026-02-11 15:01:07,235 - DEBUG - [_api.py:364] - Attempting to release lock 136699715682224 on /home/acloudsecninja/.cache/huggingface/hub/.locks/models--gpt2/be4d21d94f3b4687e5a54d84bf6ab46ed0f8defd.lock
2026-02-11 15:01:07,235 - DEBUG - [_api.py:367] - Lock 136699715682224 released on /home/acloudsecninja/.cache/huggingface/hub/.locks/models--gpt2/be4d21d94f3b4687e5a54d84bf6ab46ed0f8defd.lock
2026-02-11 15:01:07,238 - DEBUG - [_trace.py:47] - send_request_headers.started request=<Request [b'GET']>
2026-02-11 15:01:07,238 - DEBUG - [_trace.py:47] - send_request_headers.complete
2026-02-11 15:01:07,238 - DEBUG - [_trace.py:47] - send_request_body.started request=<Request [b'GET']>
2026-02-11 15:01:07,238 - DEBUG - [_trace.py:47] - send_request_body.complete
2026-02-11 15:01:07,239 - DEBUG - [_trace.py:47] - receive_response_headers.started request=<Request [b'GET']>
2026-02-11 15:01:07,290 - DEBUG - [_trace.py:47] - receive_response_headers.complete return_value=(b'HTTP/1.1', 307, b'Temporary Redirect', [(b'Content-Type', b'text/plain; charset=utf-8'), (b'Content-Length', b'133'), (b'Connection', b'keep-alive'), (b'Date', b'Wed, 11 Feb 2026 20:01:07 GMT'), (b'Location', b'/api/models/openai-community/gpt2/tree/main/additional_chat_templates?recursive=false&expand=false'), (b'X-Powered-By', b'huggingface-moon'), (b'X-Request-Id', b'Root=1-698ce003-1659e9134ff869f05b84d4c0;8b4e9317-ca39-48bb-99ac-3348d7240b43'), (b'RateLimit', b'"api";r=495;t=93'), (b'RateLimit-Policy', b'"fixed window";"api";q=500;w=300'), (b'cross-origin-opener-policy', b'same-origin'), (b'Referrer-Policy', b'strict-origin-when-cross-origin'), (b'Access-Control-Max-Age', b'86400'), (b'Access-Control-Allow-Origin', b'https://huggingface.co'), (b'Vary', b'Origin, Accept'), (b'Access-Control-Expose-Headers', b'X-Repo-Commit,X-Request-Id,X-Error-Code,X-Error-Message,X-Total-Count,ETag,Link,Accept-Ranges,Content-Range,X-Linked-Size,X-Linked-ETag,X-Xet-Hash'), (b'X-Cache', b'Miss from cloudfront'), (b'Via', b'1.1 f649a7c6e5fc5f853b7307be97ce7892.cloudfront.net (CloudFront)'), (b'X-Amz-Cf-Pop', b'ORD58-P13'), (b'X-Amz-Cf-Id', b'6odABBvY5L8VZ5AUxHFEO4RmsTd3M-NILHfpc2gDFW6JwTNjQnh2ew==')])
2026-02-11 15:01:07,291 - INFO - [_client.py:1025] - HTTP Request: GET https://huggingface.co/api/models/gpt2/tree/main/additional_chat_templates?recursive=false&expand=false "HTTP/1.1 307 Temporary Redirect"
2026-02-11 15:01:07,291 - DEBUG - [_trace.py:47] - receive_response_body.started request=<Request [b'GET']>
2026-02-11 15:01:07,291 - DEBUG - [_trace.py:47] - receive_response_body.complete
2026-02-11 15:01:07,292 - DEBUG - [_trace.py:47] - response_closed.started
2026-02-11 15:01:07,292 - DEBUG - [_trace.py:47] - response_closed.complete
2026-02-11 15:01:07,292 - DEBUG - [_trace.py:47] - send_request_headers.started request=<Request [b'GET']>
2026-02-11 15:01:07,292 - DEBUG - [_trace.py:47] - send_request_headers.complete
2026-02-11 15:01:07,293 - DEBUG - [_trace.py:47] - send_request_body.started request=<Request [b'GET']>
2026-02-11 15:01:07,293 - DEBUG - [_trace.py:47] - send_request_body.complete
2026-02-11 15:01:07,293 - DEBUG - [_trace.py:47] - receive_response_headers.started request=<Request [b'GET']>
2026-02-11 15:01:07,340 - DEBUG - [_trace.py:47] - receive_response_headers.complete return_value=(b'HTTP/1.1', 404, b'Not Found', [(b'Content-Type', b'application/json; charset=utf-8'), (b'Content-Length', b'64'), (b'Connection', b'keep-alive'), (b'Date', b'Wed, 11 Feb 2026 20:01:07 GMT'), (b'ETag', b'W/"40-09f9IAqP13xarAhQxFS2W8rvRkM"'), (b'X-Powered-By', b'huggingface-moon'), (b'X-Request-Id', b'Root=1-698ce003-541743d420fbaca616d247df;8b4e9317-ca39-48bb-99ac-3348d7240b43'), (b'RateLimit', b'"api";r=494;t=93'), (b'RateLimit-Policy', b'"fixed window";"api";q=500;w=300'), (b'cross-origin-opener-policy', b'same-origin'), (b'Referrer-Policy', b'strict-origin-when-cross-origin'), (b'Access-Control-Max-Age', b'86400'), (b'Access-Control-Allow-Origin', b'https://huggingface.co'), (b'Vary', b'Origin'), (b'Access-Control-Expose-Headers', b'X-Repo-Commit,X-Request-Id,X-Error-Code,X-Error-Message,X-Total-Count,ETag,Link,Accept-Ranges,Content-Range,X-Linked-Size,X-Linked-ETag,X-Xet-Hash'), (b'X-Error-Code', b'EntryNotFound'), (b'X-Error-Message', b'additional_chat_templates does not exist on "main"'), (b'X-Cache', b'Error from cloudfront'), (b'Via', b'1.1 f649a7c6e5fc5f853b7307be97ce7892.cloudfront.net (CloudFront)'), (b'X-Amz-Cf-Pop', b'ORD58-P13'), (b'X-Amz-Cf-Id', b'L_UG-wpOjsI9Y9X_2IrjY1uJ2o8W_K2t1uDffoDSiRm98k2ve_DnLQ==')])
2026-02-11 15:01:07,340 - INFO - [_client.py:1025] - HTTP Request: GET https://huggingface.co/api/models/openai-community/gpt2/tree/main/additional_chat_templates?recursive=false&expand=false "HTTP/1.1 404 Not Found"
2026-02-11 15:01:07,340 - DEBUG - [_trace.py:47] - receive_response_body.started request=<Request [b'GET']>
2026-02-11 15:01:07,341 - DEBUG - [_trace.py:47] - receive_response_body.complete
2026-02-11 15:01:07,341 - DEBUG - [_trace.py:47] - response_closed.started
2026-02-11 15:01:07,341 - DEBUG - [_trace.py:47] - response_closed.complete
2026-02-11 15:01:07,342 - DEBUG - [_trace.py:47] - send_request_headers.started request=<Request [b'GET']>
2026-02-11 15:01:07,342 - DEBUG - [_trace.py:47] - send_request_headers.complete
2026-02-11 15:01:07,342 - DEBUG - [_trace.py:47] - send_request_body.started request=<Request [b'GET']>
2026-02-11 15:01:07,342 - DEBUG - [_trace.py:47] - send_request_body.complete
2026-02-11 15:01:07,343 - DEBUG - [_trace.py:47] - receive_response_headers.started request=<Request [b'GET']>
2026-02-11 15:01:07,393 - DEBUG - [_trace.py:47] - receive_response_headers.complete return_value=(b'HTTP/1.1', 307, b'Temporary Redirect', [(b'Content-Type', b'text/plain; charset=utf-8'), (b'Content-Length', b'106'), (b'Connection', b'keep-alive'), (b'Date', b'Wed, 11 Feb 2026 20:01:07 GMT'), (b'Location', b'/api/models/openai-community/gpt2/tree/main?recursive=true&expand=false'), (b'X-Powered-By', b'huggingface-moon'), (b'X-Request-Id', b'Root=1-698ce003-6fe705873d69b82325a6ee85;34c7b82e-5c5f-44da-9940-eb1298a254e6'), (b'RateLimit', b'"api";r=493;t=93'), (b'RateLimit-Policy', b'"fixed window";"api";q=500;w=300'), (b'cross-origin-opener-policy', b'same-origin'), (b'Referrer-Policy', b'strict-origin-when-cross-origin'), (b'Access-Control-Max-Age', b'86400'), (b'Access-Control-Allow-Origin', b'https://huggingface.co'), (b'Vary', b'Origin, Accept'), (b'Access-Control-Expose-Headers', b'X-Repo-Commit,X-Request-Id,X-Error-Code,X-Error-Message,X-Total-Count,ETag,Link,Accept-Ranges,Content-Range,X-Linked-Size,X-Linked-ETag,X-Xet-Hash'), (b'X-Cache', b'Miss from cloudfront'), (b'Via', b'1.1 f649a7c6e5fc5f853b7307be97ce7892.cloudfront.net (CloudFront)'), (b'X-Amz-Cf-Pop', b'ORD58-P13'), (b'X-Amz-Cf-Id', b'pTnSwHlTXu8u1Gh9UkOa80dveeYbY5BEW9NJTSiofrEFAOntF21wHA==')])
2026-02-11 15:01:07,393 - INFO - [_client.py:1025] - HTTP Request: GET https://huggingface.co/api/models/gpt2/tree/main?recursive=true&expand=false "HTTP/1.1 307 Temporary Redirect"
2026-02-11 15:01:07,394 - DEBUG - [_trace.py:47] - receive_response_body.started request=<Request [b'GET']>
2026-02-11 15:01:07,394 - DEBUG - [_trace.py:47] - receive_response_body.complete
2026-02-11 15:01:07,394 - DEBUG - [_trace.py:47] - response_closed.started
2026-02-11 15:01:07,394 - DEBUG - [_trace.py:47] - response_closed.complete
2026-02-11 15:01:07,395 - DEBUG - [_trace.py:47] - send_request_headers.started request=<Request [b'GET']>
2026-02-11 15:01:07,395 - DEBUG - [_trace.py:47] - send_request_headers.complete
2026-02-11 15:01:07,395 - DEBUG - [_trace.py:47] - send_request_body.started request=<Request [b'GET']>
2026-02-11 15:01:07,395 - DEBUG - [_trace.py:47] - send_request_body.complete
2026-02-11 15:01:07,395 - DEBUG - [_trace.py:47] - receive_response_headers.started request=<Request [b'GET']>
2026-02-11 15:01:07,447 - DEBUG - [_trace.py:47] - receive_response_headers.complete return_value=(b'HTTP/1.1', 200, b'OK', [(b'Content-Type', b'application/json; charset=utf-8'), (b'Content-Length', b'4996'), (b'Connection', b'keep-alive'), (b'Date', b'Wed, 11 Feb 2026 20:01:07 GMT'), (b'ETag', b'W/"1384-WuP2VtOliaeVcbf5Lfvi1yDSJd8"'), (b'X-Powered-By', b'huggingface-moon'), (b'X-Request-Id', b'Root=1-698ce003-335ce3071a89416e1e2db588;34c7b82e-5c5f-44da-9940-eb1298a254e6'), (b'RateLimit', b'"api";r=492;t=93'), (b'RateLimit-Policy', b'"fixed window";"api";q=500;w=300'), (b'cross-origin-opener-policy', b'same-origin'), (b'Referrer-Policy', b'strict-origin-when-cross-origin'), (b'Access-Control-Max-Age', b'86400'), (b'Access-Control-Allow-Origin', b'https://huggingface.co'), (b'Vary', b'Origin'), (b'Access-Control-Expose-Headers', b'X-Repo-Commit,X-Request-Id,X-Error-Code,X-Error-Message,X-Total-Count,ETag,Link,Accept-Ranges,Content-Range,X-Linked-Size,X-Linked-ETag,X-Xet-Hash'), (b'X-Cache', b'Miss from cloudfront'), (b'Via', b'1.1 f649a7c6e5fc5f853b7307be97ce7892.cloudfront.net (CloudFront)'), (b'X-Amz-Cf-Pop', b'ORD58-P13'), (b'X-Amz-Cf-Id', b'gi51Ei_1vb5H4Uy3IKZ3xzaMREQ1ESBBEicTmp9r8h-RBrw51Zmi_A==')])
2026-02-11 15:01:07,448 - INFO - [_client.py:1025] - HTTP Request: GET https://huggingface.co/api/models/openai-community/gpt2/tree/main?recursive=true&expand=false "HTTP/1.1 200 OK"
2026-02-11 15:01:07,448 - DEBUG - [_trace.py:47] - receive_response_body.started request=<Request [b'GET']>
2026-02-11 15:01:07,448 - DEBUG - [_trace.py:47] - receive_response_body.complete
2026-02-11 15:01:07,449 - DEBUG - [_trace.py:47] - response_closed.started
2026-02-11 15:01:07,449 - DEBUG - [_trace.py:47] - response_closed.complete
2026-02-11 15:01:07,450 - DEBUG - [_trace.py:47] - send_request_headers.started request=<Request [b'HEAD']>
2026-02-11 15:01:07,450 - DEBUG - [_trace.py:47] - send_request_headers.complete
2026-02-11 15:01:07,450 - DEBUG - [_trace.py:47] - send_request_body.started request=<Request [b'HEAD']>
2026-02-11 15:01:07,451 - DEBUG - [_trace.py:47] - send_request_body.complete
2026-02-11 15:01:07,451 - DEBUG - [_trace.py:47] - receive_response_headers.started request=<Request [b'HEAD']>
2026-02-11 15:01:07,498 - DEBUG - [_trace.py:47] - receive_response_headers.complete return_value=(b'HTTP/1.1', 200, b'OK', [(b'Content-Type', b'text/plain; charset=utf-8'), (b'Content-Length', b'1042301'), (b'Connection', b'keep-alive'), (b'Date', b'Wed, 11 Feb 2026 20:01:07 GMT'), (b'ETag', b'"1f1d9aaca301414e7f6c9396df506798ff4eb9a6"'), (b'X-Powered-By', b'huggingface-moon'), (b'X-Request-Id', b'Root=1-698ce003-23b7c9ef7c3719843fc51317;9aa36216-cf38-4582-91d6-c31dc677b397'), (b'RateLimit', b'"resolvers";r=2990;t=93'), (b'RateLimit-Policy', b'"fixed window";"resolvers";q=3000;w=300'), (b'cross-origin-opener-policy', b'same-origin'), (b'Referrer-Policy', b'strict-origin-when-cross-origin'), (b'Access-Control-Max-Age', b'86400'), (b'Access-Control-Allow-Origin', b'https://huggingface.co'), (b'Vary', b'Origin'), (b'Access-Control-Expose-Headers', b'X-Repo-Commit,X-Request-Id,X-Error-Code,X-Error-Message,X-Total-Count,ETag,Link,Accept-Ranges,Content-Range,X-Linked-Size,X-Linked-ETag,X-Xet-Hash'), (b'X-Repo-Commit', b'607a30d783dfa663caf39e06633721c8d4cfcd7e'), (b'Accept-Ranges', b'bytes'), (b'X-Hub-Cache', b'HIT'), (b'Content-Disposition', b'inline; filename*=UTF-8\'\'vocab.json; filename="vocab.json";'), (b'Content-Security-Policy', b"default-src 'none'; sandbox"), (b'X-Cache', b'Miss from cloudfront'), (b'Via', b'1.1 f649a7c6e5fc5f853b7307be97ce7892.cloudfront.net (CloudFront)'), (b'X-Amz-Cf-Pop', b'ORD58-P13'), (b'X-Amz-Cf-Id', b'yhwcwptTfhvGffNVLkpMNm_shgDdIX-WsNnHxcuza71MBHmxACLcOw==')])
2026-02-11 15:01:07,498 - INFO - [_client.py:1025] - HTTP Request: HEAD https://huggingface.co/gpt2/resolve/main/vocab.json "HTTP/1.1 200 OK"
2026-02-11 15:01:07,499 - DEBUG - [_trace.py:47] - receive_response_body.started request=<Request [b'HEAD']>
2026-02-11 15:01:07,499 - DEBUG - [_trace.py:47] - receive_response_body.complete
2026-02-11 15:01:07,499 - DEBUG - [_trace.py:47] - response_closed.started
2026-02-11 15:01:07,499 - DEBUG - [_trace.py:47] - response_closed.complete
2026-02-11 15:01:07,500 - DEBUG - [_api.py:331] - Attempting to acquire lock 136699713296896 on /home/acloudsecninja/.cache/huggingface/hub/.locks/models--gpt2/1f1d9aaca301414e7f6c9396df506798ff4eb9a6.lock
2026-02-11 15:01:07,500 - DEBUG - [_api.py:334] - Lock 136699713296896 acquired on /home/acloudsecninja/.cache/huggingface/hub/.locks/models--gpt2/1f1d9aaca301414e7f6c9396df506798ff4eb9a6.lock
2026-02-11 15:01:07,501 - DEBUG - [_trace.py:47] - send_request_headers.started request=<Request [b'GET']>
2026-02-11 15:01:07,501 - DEBUG - [_trace.py:47] - send_request_headers.complete
2026-02-11 15:01:07,501 - DEBUG - [_trace.py:47] - send_request_body.started request=<Request [b'GET']>
2026-02-11 15:01:07,501 - DEBUG - [_trace.py:47] - send_request_body.complete
2026-02-11 15:01:07,502 - DEBUG - [_trace.py:47] - receive_response_headers.started request=<Request [b'GET']>
2026-02-11 15:01:07,586 - DEBUG - [_trace.py:47] - receive_response_headers.complete return_value=(b'HTTP/1.1', 200, b'OK', [(b'Content-Type', b'text/plain; charset=utf-8'), (b'Content-Length', b'1042301'), (b'Connection', b'keep-alive'), (b'Date', b'Wed, 11 Feb 2026 20:01:07 GMT'), (b'ETag', b'"1f1d9aaca301414e7f6c9396df506798ff4eb9a6"'), (b'X-Powered-By', b'huggingface-moon'), (b'X-Request-Id', b'Root=1-698ce003-29f719b02db86a39478b7a9e;b583f7d9-4100-49c4-979c-68e69ebe4e9b'), (b'RateLimit', b'"resolvers";r=2989;t=93'), (b'RateLimit-Policy', b'"fixed window";"resolvers";q=3000;w=300'), (b'cross-origin-opener-policy', b'same-origin'), (b'Referrer-Policy', b'strict-origin-when-cross-origin'), (b'Access-Control-Max-Age', b'86400'), (b'Access-Control-Allow-Origin', b'https://huggingface.co'), (b'Vary', b'Origin'), (b'Access-Control-Expose-Headers', b'X-Repo-Commit,X-Request-Id,X-Error-Code,X-Error-Message,X-Total-Count,ETag,Link,Accept-Ranges,Content-Range,X-Linked-Size,X-Linked-ETag,X-Xet-Hash'), (b'X-Repo-Commit', b'607a30d783dfa663caf39e06633721c8d4cfcd7e'), (b'Accept-Ranges', b'bytes'), (b'Content-Disposition', b'inline; filename*=UTF-8\'\'vocab.json; filename="vocab.json";'), (b'Content-Security-Policy', b"default-src 'none'; sandbox"), (b'X-Cache', b'Miss from cloudfront'), (b'Via', b'1.1 f649a7c6e5fc5f853b7307be97ce7892.cloudfront.net (CloudFront)'), (b'X-Amz-Cf-Pop', b'ORD58-P13'), (b'X-Amz-Cf-Id', b'hGrvKcgn4HZ2WOeUecjcSnr8NIlIuHJpms-Z68IcD9AEAWx8d0Fx3w==')])
2026-02-11 15:01:07,586 - INFO - [_client.py:1025] - HTTP Request: GET https://huggingface.co/gpt2/resolve/main/vocab.json "HTTP/1.1 200 OK"
2026-02-11 15:01:07,587 - DEBUG - [_trace.py:47] - receive_response_body.started request=<Request [b'GET']>
2026-02-11 15:01:07,662 - DEBUG - [_trace.py:47] - receive_response_body.complete
2026-02-11 15:01:07,662 - DEBUG - [_trace.py:47] - response_closed.started
2026-02-11 15:01:07,663 - DEBUG - [_trace.py:47] - response_closed.complete
2026-02-11 15:01:07,664 - DEBUG - [_api.py:364] - Attempting to release lock 136699713296896 on /home/acloudsecninja/.cache/huggingface/hub/.locks/models--gpt2/1f1d9aaca301414e7f6c9396df506798ff4eb9a6.lock
2026-02-11 15:01:07,665 - DEBUG - [_api.py:367] - Lock 136699713296896 released on /home/acloudsecninja/.cache/huggingface/hub/.locks/models--gpt2/1f1d9aaca301414e7f6c9396df506798ff4eb9a6.lock
2026-02-11 15:01:07,666 - DEBUG - [_trace.py:47] - send_request_headers.started request=<Request [b'HEAD']>
2026-02-11 15:01:07,666 - DEBUG - [_trace.py:47] - send_request_headers.complete
2026-02-11 15:01:07,666 - DEBUG - [_trace.py:47] - send_request_body.started request=<Request [b'HEAD']>
2026-02-11 15:01:07,666 - DEBUG - [_trace.py:47] - send_request_body.complete
2026-02-11 15:01:07,666 - DEBUG - [_trace.py:47] - receive_response_headers.started request=<Request [b'HEAD']>
2026-02-11 15:01:07,708 - DEBUG - [_trace.py:47] - receive_response_headers.complete return_value=(b'HTTP/1.1', 200, b'OK', [(b'Content-Type', b'text/plain; charset=utf-8'), (b'Content-Length', b'456318'), (b'Connection', b'keep-alive'), (b'Date', b'Wed, 11 Feb 2026 20:01:07 GMT'), (b'ETag', b'"226b0752cac7789c48f0cb3ec53eda48b7be36cc"'), (b'X-Powered-By', b'huggingface-moon'), (b'X-Request-Id', b'Root=1-698ce003-5d95815d6d512d114a3ca9cb;8561e1ac-d5cf-43b9-b4e1-3771519bae6b'), (b'RateLimit', b'"resolvers";r=2988;t=93'), (b'RateLimit-Policy', b'"fixed window";"resolvers";q=3000;w=300'), (b'cross-origin-opener-policy', b'same-origin'), (b'Referrer-Policy', b'strict-origin-when-cross-origin'), (b'Access-Control-Max-Age', b'86400'), (b'Access-Control-Allow-Origin', b'https://huggingface.co'), (b'Vary', b'Origin'), (b'Access-Control-Expose-Headers', b'X-Repo-Commit,X-Request-Id,X-Error-Code,X-Error-Message,X-Total-Count,ETag,Link,Accept-Ranges,Content-Range,X-Linked-Size,X-Linked-ETag,X-Xet-Hash'), (b'X-Repo-Commit', b'607a30d783dfa663caf39e06633721c8d4cfcd7e'), (b'Accept-Ranges', b'bytes'), (b'X-Hub-Cache', b'HIT'), (b'Content-Disposition', b'inline; filename*=UTF-8\'\'merges.txt; filename="merges.txt";'), (b'Content-Security-Policy', b"default-src 'none'; sandbox"), (b'X-Cache', b'Miss from cloudfront'), (b'Via', b'1.1 f649a7c6e5fc5f853b7307be97ce7892.cloudfront.net (CloudFront)'), (b'X-Amz-Cf-Pop', b'ORD58-P13'), (b'X-Amz-Cf-Id', b'4ICGKe6djN7Lmp0wsRL_dwPnUBn8WoEX19PsiYxGT4yz3MXTWRTIww==')])
2026-02-11 15:01:07,709 - INFO - [_client.py:1025] - HTTP Request: HEAD https://huggingface.co/gpt2/resolve/main/merges.txt "HTTP/1.1 200 OK"
2026-02-11 15:01:07,709 - DEBUG - [_trace.py:47] - receive_response_body.started request=<Request [b'HEAD']>
2026-02-11 15:01:07,709 - DEBUG - [_trace.py:47] - receive_response_body.complete
2026-02-11 15:01:07,709 - DEBUG - [_trace.py:47] - response_closed.started
2026-02-11 15:01:07,710 - DEBUG - [_trace.py:47] - response_closed.complete
2026-02-11 15:01:07,710 - DEBUG - [_api.py:331] - Attempting to acquire lock 136699715247744 on /home/acloudsecninja/.cache/huggingface/hub/.locks/models--gpt2/226b0752cac7789c48f0cb3ec53eda48b7be36cc.lock
2026-02-11 15:01:07,711 - DEBUG - [_api.py:334] - Lock 136699715247744 acquired on /home/acloudsecninja/.cache/huggingface/hub/.locks/models--gpt2/226b0752cac7789c48f0cb3ec53eda48b7be36cc.lock
2026-02-11 15:01:07,711 - DEBUG - [_trace.py:47] - send_request_headers.started request=<Request [b'GET']>
2026-02-11 15:01:07,711 - DEBUG - [_trace.py:47] - send_request_headers.complete
2026-02-11 15:01:07,711 - DEBUG - [_trace.py:47] - send_request_body.started request=<Request [b'GET']>
2026-02-11 15:01:07,712 - DEBUG - [_trace.py:47] - send_request_body.complete
2026-02-11 15:01:07,712 - DEBUG - [_trace.py:47] - receive_response_headers.started request=<Request [b'GET']>
2026-02-11 15:01:07,762 - DEBUG - [_trace.py:47] - receive_response_headers.complete return_value=(b'HTTP/1.1', 200, b'OK', [(b'Content-Type', b'text/plain; charset=utf-8'), (b'Content-Length', b'456318'), (b'Connection', b'keep-alive'), (b'Date', b'Wed, 11 Feb 2026 20:01:07 GMT'), (b'ETag', b'"226b0752cac7789c48f0cb3ec53eda48b7be36cc"'), (b'X-Powered-By', b'huggingface-moon'), (b'X-Request-Id', b'Root=1-698ce003-2b2c0b4101c9017150cd1a67;53529608-12bc-4afb-a221-1ed39c9bb484'), (b'RateLimit', b'"resolvers";r=2987;t=93'), (b'RateLimit-Policy', b'"fixed window";"resolvers";q=3000;w=300'), (b'cross-origin-opener-policy', b'same-origin'), (b'Referrer-Policy', b'strict-origin-when-cross-origin'), (b'Access-Control-Max-Age', b'86400'), (b'Access-Control-Allow-Origin', b'https://huggingface.co'), (b'Vary', b'Origin'), (b'Access-Control-Expose-Headers', b'X-Repo-Commit,X-Request-Id,X-Error-Code,X-Error-Message,X-Total-Count,ETag,Link,Accept-Ranges,Content-Range,X-Linked-Size,X-Linked-ETag,X-Xet-Hash'), (b'X-Repo-Commit', b'607a30d783dfa663caf39e06633721c8d4cfcd7e'), (b'Accept-Ranges', b'bytes'), (b'Content-Disposition', b'inline; filename*=UTF-8\'\'merges.txt; filename="merges.txt";'), (b'Content-Security-Policy', b"default-src 'none'; sandbox"), (b'X-Cache', b'Miss from cloudfront'), (b'Via', b'1.1 f649a7c6e5fc5f853b7307be97ce7892.cloudfront.net (CloudFront)'), (b'X-Amz-Cf-Pop', b'ORD58-P13'), (b'X-Amz-Cf-Id', b'MInofonsPRSZn-drSwatpnrIKfw70DHi1N93Y4o-4UJrnNZS7f1HNg==')])
2026-02-11 15:01:07,763 - INFO - [_client.py:1025] - HTTP Request: GET https://huggingface.co/gpt2/resolve/main/merges.txt "HTTP/1.1 200 OK"
2026-02-11 15:01:07,763 - DEBUG - [_trace.py:47] - receive_response_body.started request=<Request [b'GET']>
2026-02-11 15:01:07,815 - DEBUG - [_trace.py:47] - receive_response_body.complete
2026-02-11 15:01:07,816 - DEBUG - [_trace.py:47] - response_closed.started
2026-02-11 15:01:07,816 - DEBUG - [_trace.py:47] - response_closed.complete
2026-02-11 15:01:07,817 - DEBUG - [_api.py:364] - Attempting to release lock 136699715247744 on /home/acloudsecninja/.cache/huggingface/hub/.locks/models--gpt2/226b0752cac7789c48f0cb3ec53eda48b7be36cc.lock
2026-02-11 15:01:07,817 - DEBUG - [_api.py:367] - Lock 136699715247744 released on /home/acloudsecninja/.cache/huggingface/hub/.locks/models--gpt2/226b0752cac7789c48f0cb3ec53eda48b7be36cc.lock
2026-02-11 15:01:07,818 - DEBUG - [_trace.py:47] - send_request_headers.started request=<Request [b'HEAD']>
2026-02-11 15:01:07,819 - DEBUG - [_trace.py:47] - send_request_headers.complete
2026-02-11 15:01:07,819 - DEBUG - [_trace.py:47] - send_request_body.started request=<Request [b'HEAD']>
2026-02-11 15:01:07,819 - DEBUG - [_trace.py:47] - send_request_body.complete
2026-02-11 15:01:07,819 - DEBUG - [_trace.py:47] - receive_response_headers.started request=<Request [b'HEAD']>
2026-02-11 15:01:07,894 - DEBUG - [_trace.py:47] - receive_response_headers.complete return_value=(b'HTTP/1.1', 404, b'Not Found', [(b'Content-Type', b'text/plain; charset=utf-8'), (b'Content-Length', b'15'), (b'Connection', b'keep-alive'), (b'Date', b'Wed, 11 Feb 2026 20:01:08 GMT'), (b'ETag', b'W/"f-mY2VvLxuxB7KhsoOdQTlMTccuAQ"'), (b'X-Powered-By', b'huggingface-moon'), (b'X-Request-Id', b'Root=1-698ce003-7c0cf1cc0d59b23c02c18c21;5a01c2cb-3867-4efd-9fcb-f2c3ae9f8fd5'), (b'RateLimit', b'"resolvers";r=2986;t=93'), (b'RateLimit-Policy', b'"fixed window";"resolvers";q=3000;w=300'), (b'cross-origin-opener-policy', b'same-origin'), (b'Referrer-Policy', b'strict-origin-when-cross-origin'), (b'Access-Control-Max-Age', b'86400'), (b'Access-Control-Allow-Origin', b'https://huggingface.co'), (b'Vary', b'Origin'), (b'Access-Control-Expose-Headers', b'X-Repo-Commit,X-Request-Id,X-Error-Code,X-Error-Message,X-Total-Count,ETag,Link,Accept-Ranges,Content-Range,X-Linked-Size,X-Linked-ETag,X-Xet-Hash'), (b'X-Repo-Commit', b'607a30d783dfa663caf39e06633721c8d4cfcd7e'), (b'Accept-Ranges', b'bytes'), (b'X-Hub-Cache', b'MISS'), (b'X-Error-Code', b'EntryNotFound'), (b'X-Error-Message', b'Entry not found'), (b'X-Cache', b'Error from cloudfront'), (b'Via', b'1.1 f649a7c6e5fc5f853b7307be97ce7892.cloudfront.net (CloudFront)'), (b'X-Amz-Cf-Pop', b'ORD58-P13'), (b'X-Amz-Cf-Id', b'4cIwnfOGmvJHx1BqSdL5tAk1HISoN4dKq0dWRWVGtijhWwGQWQPwdA==')])
2026-02-11 15:01:07,895 - INFO - [_client.py:1025] - HTTP Request: HEAD https://huggingface.co/gpt2/resolve/main/added_tokens.json "HTTP/1.1 404 Not Found"
2026-02-11 15:01:07,895 - DEBUG - [_trace.py:47] - receive_response_body.started request=<Request [b'HEAD']>
2026-02-11 15:01:07,896 - DEBUG - [_trace.py:47] - receive_response_body.complete
2026-02-11 15:01:07,896 - DEBUG - [_trace.py:47] - response_closed.started
2026-02-11 15:01:07,896 - DEBUG - [_trace.py:47] - response_closed.complete
2026-02-11 15:01:07,898 - DEBUG - [_trace.py:47] - send_request_headers.started request=<Request [b'HEAD']>
2026-02-11 15:01:07,898 - DEBUG - [_trace.py:47] - send_request_headers.complete
2026-02-11 15:01:07,899 - DEBUG - [_trace.py:47] - send_request_body.started request=<Request [b'HEAD']>
2026-02-11 15:01:07,899 - DEBUG - [_trace.py:47] - send_request_body.complete
2026-02-11 15:01:07,899 - DEBUG - [_trace.py:47] - receive_response_headers.started request=<Request [b'HEAD']>
2026-02-11 15:01:07,951 - DEBUG - [_trace.py:47] - receive_response_headers.complete return_value=(b'HTTP/1.1', 404, b'Not Found', [(b'Content-Type', b'text/plain; charset=utf-8'), (b'Content-Length', b'15'), (b'Connection', b'keep-alive'), (b'Date', b'Wed, 11 Feb 2026 20:01:08 GMT'), (b'ETag', b'W/"f-mY2VvLxuxB7KhsoOdQTlMTccuAQ"'), (b'X-Powered-By', b'huggingface-moon'), (b'X-Request-Id', b'Root=1-698ce004-2d7c3b4a0550e2be2ef5af4f;3a03c8e4-f013-4a6f-be1d-47c73a44a2f4'), (b'RateLimit', b'"resolvers";r=2985;t=92'), (b'RateLimit-Policy', b'"fixed window";"resolvers";q=3000;w=300'), (b'cross-origin-opener-policy', b'same-origin'), (b'Referrer-Policy', b'strict-origin-when-cross-origin'), (b'Access-Control-Max-Age', b'86400'), (b'Access-Control-Allow-Origin', b'https://huggingface.co'), (b'Vary', b'Origin'), (b'Access-Control-Expose-Headers', b'X-Repo-Commit,X-Request-Id,X-Error-Code,X-Error-Message,X-Total-Count,ETag,Link,Accept-Ranges,Content-Range,X-Linked-Size,X-Linked-ETag,X-Xet-Hash'), (b'X-Repo-Commit', b'607a30d783dfa663caf39e06633721c8d4cfcd7e'), (b'Accept-Ranges', b'bytes'), (b'X-Hub-Cache', b'MISS'), (b'X-Error-Code', b'EntryNotFound'), (b'X-Error-Message', b'Entry not found'), (b'X-Cache', b'Error from cloudfront'), (b'Via', b'1.1 f649a7c6e5fc5f853b7307be97ce7892.cloudfront.net (CloudFront)'), (b'X-Amz-Cf-Pop', b'ORD58-P13'), (b'X-Amz-Cf-Id', b'a7GFWI9VjsGs_enh6uBFldTHgTwbXI0oEooZ1HpjjAIF3hSHrSsOiA==')])
2026-02-11 15:01:07,952 - INFO - [_client.py:1025] - HTTP Request: HEAD https://huggingface.co/gpt2/resolve/main/special_tokens_map.json "HTTP/1.1 404 Not Found"
2026-02-11 15:01:07,952 - DEBUG - [_trace.py:47] - receive_response_body.started request=<Request [b'HEAD']>
2026-02-11 15:01:07,952 - DEBUG - [_trace.py:47] - receive_response_body.complete
2026-02-11 15:01:07,952 - DEBUG - [_trace.py:47] - response_closed.started
2026-02-11 15:01:07,953 - DEBUG - [_trace.py:47] - response_closed.complete
2026-02-11 15:01:07,955 - DEBUG - [_trace.py:47] - send_request_headers.started request=<Request [b'HEAD']>
2026-02-11 15:01:07,955 - DEBUG - [_trace.py:47] - send_request_headers.complete
2026-02-11 15:01:07,955 - DEBUG - [_trace.py:47] - send_request_body.started request=<Request [b'HEAD']>
2026-02-11 15:01:07,955 - DEBUG - [_trace.py:47] - send_request_body.complete
2026-02-11 15:01:07,955 - DEBUG - [_trace.py:47] - receive_response_headers.started request=<Request [b'HEAD']>
2026-02-11 15:01:08,005 - DEBUG - [_trace.py:47] - receive_response_headers.complete return_value=(b'HTTP/1.1', 200, b'OK', [(b'Content-Type', b'text/plain; charset=utf-8'), (b'Content-Length', b'1355256'), (b'Connection', b'keep-alive'), (b'Date', b'Wed, 11 Feb 2026 20:01:08 GMT'), (b'ETag', b'"4b988bccc9dc5adacd403c00b4704976196548f8"'), (b'X-Powered-By', b'huggingface-moon'), (b'X-Request-Id', b'Root=1-698ce004-7ecdc7ea595a9264621dc6d3;e1b6a243-0464-4c8b-91af-e320b536a233'), (b'RateLimit', b'"resolvers";r=2984;t=92'), (b'RateLimit-Policy', b'"fixed window";"resolvers";q=3000;w=300'), (b'cross-origin-opener-policy', b'same-origin'), (b'Referrer-Policy', b'strict-origin-when-cross-origin'), (b'Access-Control-Max-Age', b'86400'), (b'Access-Control-Allow-Origin', b'https://huggingface.co'), (b'Vary', b'Origin'), (b'Access-Control-Expose-Headers', b'X-Repo-Commit,X-Request-Id,X-Error-Code,X-Error-Message,X-Total-Count,ETag,Link,Accept-Ranges,Content-Range,X-Linked-Size,X-Linked-ETag,X-Xet-Hash'), (b'X-Repo-Commit', b'607a30d783dfa663caf39e06633721c8d4cfcd7e'), (b'Accept-Ranges', b'bytes'), (b'X-Hub-Cache', b'HIT'), (b'Content-Disposition', b'inline; filename*=UTF-8\'\'tokenizer.json; filename="tokenizer.json";'), (b'Content-Security-Policy', b"default-src 'none'; sandbox"), (b'X-Cache', b'Miss from cloudfront'), (b'Via', b'1.1 f649a7c6e5fc5f853b7307be97ce7892.cloudfront.net (CloudFront)'), (b'X-Amz-Cf-Pop', b'ORD58-P13'), (b'X-Amz-Cf-Id', b'HkuJsdr0damQMkAPJwBSifEfdTmKs6rVq7r8RDIcBb-JuXdk6mN-gg==')])
2026-02-11 15:01:08,005 - INFO - [_client.py:1025] - HTTP Request: HEAD https://huggingface.co/gpt2/resolve/main/tokenizer.json "HTTP/1.1 200 OK"
2026-02-11 15:01:08,005 - DEBUG - [_trace.py:47] - receive_response_body.started request=<Request [b'HEAD']>
2026-02-11 15:01:08,005 - DEBUG - [_trace.py:47] - receive_response_body.complete
2026-02-11 15:01:08,006 - DEBUG - [_trace.py:47] - response_closed.started
2026-02-11 15:01:08,006 - DEBUG - [_trace.py:47] - response_closed.complete
2026-02-11 15:01:08,007 - DEBUG - [_api.py:331] - Attempting to acquire lock 136699945237200 on /home/acloudsecninja/.cache/huggingface/hub/.locks/models--gpt2/4b988bccc9dc5adacd403c00b4704976196548f8.lock
2026-02-11 15:01:08,007 - DEBUG - [_api.py:334] - Lock 136699945237200 acquired on /home/acloudsecninja/.cache/huggingface/hub/.locks/models--gpt2/4b988bccc9dc5adacd403c00b4704976196548f8.lock
2026-02-11 15:01:08,007 - DEBUG - [_trace.py:47] - send_request_headers.started request=<Request [b'GET']>
2026-02-11 15:01:08,008 - DEBUG - [_trace.py:47] - send_request_headers.complete
2026-02-11 15:01:08,008 - DEBUG - [_trace.py:47] - send_request_body.started request=<Request [b'GET']>
2026-02-11 15:01:08,008 - DEBUG - [_trace.py:47] - send_request_body.complete
2026-02-11 15:01:08,008 - DEBUG - [_trace.py:47] - receive_response_headers.started request=<Request [b'GET']>
2026-02-11 15:01:08,058 - DEBUG - [_trace.py:47] - receive_response_headers.complete return_value=(b'HTTP/1.1', 200, b'OK', [(b'Content-Type', b'text/plain; charset=utf-8'), (b'Content-Length', b'1355256'), (b'Connection', b'keep-alive'), (b'Date', b'Wed, 11 Feb 2026 20:01:08 GMT'), (b'ETag', b'"4b988bccc9dc5adacd403c00b4704976196548f8"'), (b'X-Powered-By', b'huggingface-moon'), (b'X-Request-Id', b'Root=1-698ce004-2f92b61a55078c3248e074b5;3aaa66c1-a216-4c0a-adc3-13169e78a570'), (b'RateLimit', b'"resolvers";r=2983;t=92'), (b'RateLimit-Policy', b'"fixed window";"resolvers";q=3000;w=300'), (b'cross-origin-opener-policy', b'same-origin'), (b'Referrer-Policy', b'strict-origin-when-cross-origin'), (b'Access-Control-Max-Age', b'86400'), (b'Access-Control-Allow-Origin', b'https://huggingface.co'), (b'Vary', b'Origin'), (b'Access-Control-Expose-Headers', b'X-Repo-Commit,X-Request-Id,X-Error-Code,X-Error-Message,X-Total-Count,ETag,Link,Accept-Ranges,Content-Range,X-Linked-Size,X-Linked-ETag,X-Xet-Hash'), (b'X-Repo-Commit', b'607a30d783dfa663caf39e06633721c8d4cfcd7e'), (b'Accept-Ranges', b'bytes'), (b'Content-Disposition', b'inline; filename*=UTF-8\'\'tokenizer.json; filename="tokenizer.json";'), (b'Content-Security-Policy', b"default-src 'none'; sandbox"), (b'X-Cache', b'Miss from cloudfront'), (b'Via', b'1.1 f649a7c6e5fc5f853b7307be97ce7892.cloudfront.net (CloudFront)'), (b'X-Amz-Cf-Pop', b'ORD58-P13'), (b'X-Amz-Cf-Id', b'aBo4ovLxUwIf50yhQ0C8JE7Dsh_gE8GHksMHyLfPgFdRwxCE_sDnEw==')])
2026-02-11 15:01:08,058 - INFO - [_client.py:1025] - HTTP Request: GET https://huggingface.co/gpt2/resolve/main/tokenizer.json "HTTP/1.1 200 OK"
2026-02-11 15:01:08,059 - DEBUG - [_trace.py:47] - receive_response_body.started request=<Request [b'GET']>
2026-02-11 15:01:08,099 - DEBUG - [_trace.py:47] - receive_response_body.complete
2026-02-11 15:01:08,099 - DEBUG - [_trace.py:47] - response_closed.started
2026-02-11 15:01:08,099 - DEBUG - [_trace.py:47] - response_closed.complete
2026-02-11 15:01:08,101 - DEBUG - [_api.py:364] - Attempting to release lock 136699945237200 on /home/acloudsecninja/.cache/huggingface/hub/.locks/models--gpt2/4b988bccc9dc5adacd403c00b4704976196548f8.lock
2026-02-11 15:01:08,102 - DEBUG - [_api.py:367] - Lock 136699945237200 released on /home/acloudsecninja/.cache/huggingface/hub/.locks/models--gpt2/4b988bccc9dc5adacd403c00b4704976196548f8.lock
2026-02-11 15:01:08,103 - DEBUG - [_trace.py:47] - send_request_headers.started request=<Request [b'HEAD']>
2026-02-11 15:01:08,103 - DEBUG - [_trace.py:47] - send_request_headers.complete
2026-02-11 15:01:08,103 - DEBUG - [_trace.py:47] - send_request_body.started request=<Request [b'HEAD']>
2026-02-11 15:01:08,103 - DEBUG - [_trace.py:47] - send_request_body.complete
2026-02-11 15:01:08,103 - DEBUG - [_trace.py:47] - receive_response_headers.started request=<Request [b'HEAD']>
2026-02-11 15:01:08,155 - DEBUG - [_trace.py:47] - receive_response_headers.complete return_value=(b'HTTP/1.1', 404, b'Not Found', [(b'Content-Type', b'text/plain; charset=utf-8'), (b'Content-Length', b'15'), (b'Connection', b'keep-alive'), (b'Date', b'Wed, 11 Feb 2026 20:01:08 GMT'), (b'ETag', b'W/"f-mY2VvLxuxB7KhsoOdQTlMTccuAQ"'), (b'X-Powered-By', b'huggingface-moon'), (b'X-Request-Id', b'Root=1-698ce004-158409521043da565622f845;6767d91c-a57c-4780-b402-59ec3180b973'), (b'RateLimit', b'"resolvers";r=2982;t=92'), (b'RateLimit-Policy', b'"fixed window";"resolvers";q=3000;w=300'), (b'cross-origin-opener-policy', b'same-origin'), (b'Referrer-Policy', b'strict-origin-when-cross-origin'), (b'Access-Control-Max-Age', b'86400'), (b'Access-Control-Allow-Origin', b'https://huggingface.co'), (b'Vary', b'Origin'), (b'Access-Control-Expose-Headers', b'X-Repo-Commit,X-Request-Id,X-Error-Code,X-Error-Message,X-Total-Count,ETag,Link,Accept-Ranges,Content-Range,X-Linked-Size,X-Linked-ETag,X-Xet-Hash'), (b'X-Repo-Commit', b'607a30d783dfa663caf39e06633721c8d4cfcd7e'), (b'Accept-Ranges', b'bytes'), (b'X-Hub-Cache', b'MISS'), (b'X-Error-Code', b'EntryNotFound'), (b'X-Error-Message', b'Entry not found'), (b'X-Cache', b'Error from cloudfront'), (b'Via', b'1.1 f649a7c6e5fc5f853b7307be97ce7892.cloudfront.net (CloudFront)'), (b'X-Amz-Cf-Pop', b'ORD58-P13'), (b'X-Amz-Cf-Id', b'wmANKkd7Rz9GS1y4shNRstyz6F7YtGPPlG33_5xgwcOqf8NI2NxfzA==')])
2026-02-11 15:01:08,156 - INFO - [_client.py:1025] - HTTP Request: HEAD https://huggingface.co/gpt2/resolve/main/chat_template.jinja "HTTP/1.1 404 Not Found"
2026-02-11 15:01:08,156 - DEBUG - [_trace.py:47] - receive_response_body.started request=<Request [b'HEAD']>
2026-02-11 15:01:08,157 - DEBUG - [_trace.py:47] - receive_response_body.complete
2026-02-11 15:01:08,157 - DEBUG - [_trace.py:47] - response_closed.started
2026-02-11 15:01:08,157 - DEBUG - [_trace.py:47] - response_closed.complete
2026-02-11 15:01:08,327 - INFO - [offensive_security_ai.py:49] - Memory usage at after_tokenizer: 778.43 MB
2026-02-11 15:01:08,327 - INFO - [offensive_security_ai.py:126] - Tokenizer loaded successfully
2026-02-11 15:01:08,327 - INFO - [offensive_security_ai.py:129] - Preparing model loading parameters...
2026-02-11 15:01:08,328 - INFO - [offensive_security_ai.py:141] - Loading model weights...
2026-02-11 15:01:08,328 - INFO - [offensive_security_ai.py:49] - Memory usage at before_model_load: 778.43 MB
2026-02-11 15:01:08,329 - DEBUG - [_trace.py:47] - send_request_headers.started request=<Request [b'HEAD']>
2026-02-11 15:01:08,329 - DEBUG - [_trace.py:47] - send_request_headers.complete
2026-02-11 15:01:08,329 - DEBUG - [_trace.py:47] - send_request_body.started request=<Request [b'HEAD']>
2026-02-11 15:01:08,330 - DEBUG - [_trace.py:47] - send_request_body.complete
2026-02-11 15:01:08,330 - DEBUG - [_trace.py:47] - receive_response_headers.started request=<Request [b'HEAD']>
2026-02-11 15:01:08,378 - DEBUG - [_trace.py:47] - receive_response_headers.complete return_value=(b'HTTP/1.1', 200, b'OK', [(b'Content-Type', b'text/plain; charset=utf-8'), (b'Content-Length', b'665'), (b'Connection', b'keep-alive'), (b'Date', b'Wed, 11 Feb 2026 20:01:08 GMT'), (b'ETag', b'"10c66461e4c109db5a2196bff4bb59be30396ed8"'), (b'X-Powered-By', b'huggingface-moon'), (b'X-Request-Id', b'Root=1-698ce004-33467835100b819234dc2e42;3d4db088-bc74-41a0-8bbd-4c5a0344a295'), (b'RateLimit', b'"resolvers";r=2981;t=92'), (b'RateLimit-Policy', b'"fixed window";"resolvers";q=3000;w=300'), (b'cross-origin-opener-policy', b'same-origin'), (b'Referrer-Policy', b'strict-origin-when-cross-origin'), (b'Access-Control-Max-Age', b'86400'), (b'Access-Control-Allow-Origin', b'https://huggingface.co'), (b'Vary', b'Origin'), (b'Access-Control-Expose-Headers', b'X-Repo-Commit,X-Request-Id,X-Error-Code,X-Error-Message,X-Total-Count,ETag,Link,Accept-Ranges,Content-Range,X-Linked-Size,X-Linked-ETag,X-Xet-Hash'), (b'X-Repo-Commit', b'607a30d783dfa663caf39e06633721c8d4cfcd7e'), (b'Accept-Ranges', b'bytes'), (b'X-Hub-Cache', b'HIT'), (b'Content-Disposition', b'inline; filename*=UTF-8\'\'config.json; filename="config.json";'), (b'Content-Security-Policy', b"default-src 'none'; sandbox"), (b'X-Cache', b'Miss from cloudfront'), (b'Via', b'1.1 f649a7c6e5fc5f853b7307be97ce7892.cloudfront.net (CloudFront)'), (b'X-Amz-Cf-Pop', b'ORD58-P13'), (b'X-Amz-Cf-Id', b'25F1S7OJW_5hk68Wf7YNyrksLZxJUnttMMJFh3HJMdWPdGUqdcE8Ow==')])
2026-02-11 15:01:08,378 - INFO - [_client.py:1025] - HTTP Request: HEAD https://huggingface.co/gpt2/resolve/main/config.json "HTTP/1.1 200 OK"
2026-02-11 15:01:08,379 - DEBUG - [_trace.py:47] - receive_response_body.started request=<Request [b'HEAD']>
2026-02-11 15:01:08,379 - DEBUG - [_trace.py:47] - receive_response_body.complete
2026-02-11 15:01:08,379 - DEBUG - [_trace.py:47] - response_closed.started
2026-02-11 15:01:08,379 - DEBUG - [_trace.py:47] - response_closed.complete
2026-02-11 15:01:08,393 - DEBUG - [_trace.py:47] - send_request_headers.started request=<Request [b'HEAD']>
2026-02-11 15:01:08,393 - DEBUG - [_trace.py:47] - send_request_headers.complete
2026-02-11 15:01:08,394 - DEBUG - [_trace.py:47] - send_request_body.started request=<Request [b'HEAD']>
2026-02-11 15:01:08,394 - DEBUG - [_trace.py:47] - send_request_body.complete
2026-02-11 15:01:08,394 - DEBUG - [_trace.py:47] - receive_response_headers.started request=<Request [b'HEAD']>
2026-02-11 15:01:08,445 - DEBUG - [_trace.py:47] - receive_response_headers.complete return_value=(b'HTTP/1.1', 302, b'Found', [(b'Content-Type', b'text/plain; charset=utf-8'), (b'Content-Length', b'1319'), (b'Connection', b'keep-alive'), (b'Date', b'Wed, 11 Feb 2026 20:01:08 GMT'), (b'Location', b'https://cas-bridge.xethub.hf.co/xet-bridge-us/621ffdc036468d709f17434d/63bed80836ee0758c8fd4f8975d59bb0b864263ee2753547c358e8a37cde8758?X-Amz-Algorithm=AWS4-HMAC-SHA256&X-Amz-Content-Sha256=UNSIGNED-PAYLOAD&X-Amz-Credential=cas%2F20260211%2Fus-east-1%2Fs3%2Faws4_request&X-Amz-Date=20260211T200108Z&X-Amz-Expires=3600&X-Amz-Signature=4ea872f4da3f8d01782582f485b9cd1a4611ee6f6e939d98ffe9045a1b5e82f4&X-Amz-SignedHeaders=host&X-Xet-Cas-Uid=public&response-content-disposition=inline%3B+filename*%3DUTF-8%27%27model.safetensors%3B+filename%3D%22model.safetensors%22%3B&x-id=GetObject&Expires=1770843668&Policy=eyJTdGF0ZW1lbnQiOlt7IkNvbmRpdGlvbiI6eyJEYXRlTGVzc1RoYW4iOnsiQVdTOkVwb2NoVGltZSI6MTc3MDg0MzY2OH19LCJSZXNvdXJjZSI6Imh0dHBzOi8vY2FzLWJyaWRnZS54ZXRodWIuaGYuY28veGV0LWJyaWRnZS11cy82MjFmZmRjMDM2NDY4ZDcwOWYxNzQzNGQvNjNiZWQ4MDgzNmVlMDc1OGM4ZmQ0Zjg5NzVkNTliYjBiODY0MjYzZWUyNzUzNTQ3YzM1OGU4YTM3Y2RlODc1OCoifV19&Signature=IE4pUFtIyIh2MtSgi8fQi8IaSgA-vF9JmdU-LpKnGPw-z%7EDGFF93Y-5L0JBKJHTtWjhAcZ5aF5YHb8t7tnkQTxwMdCtSa-LFrjIMNHOlq0rX81hM8YN-mjWoWsQDe%7EgJKR5mT2ABQSV9iSxbtYnAcFaGWYDZhADhcedLqKmzaY4iEx9FD-SFkleXM-uEK5gxfBJlkYhnYpVS47nc4GjKYxLEm07EbtOXQiywC%7EL9fydxILKkBui9hxFMw2ZSIbf6swdRvHTdxhWuN9BtPxW9zr2lQrjXJPe5U%7Ea3557aA5F37cBlfSlULez1AirSieyBDLziVtAHRsAJE9RhuFgT-Q__&Key-Pair-Id=K2L8F4GPSG1IFC'), (b'X-Powered-By', b'huggingface-moon'), (b'X-Request-Id', b'Root=1-698ce004-32353f43548c3b5b1197073e;af13f73b-68fa-41b7-a368-5db770a7216e'), (b'RateLimit', b'"resolvers";r=2980;t=92'), (b'RateLimit-Policy', b'"fixed window";"resolvers";q=3000;w=300'), (b'cross-origin-opener-policy', b'same-origin'), (b'Referrer-Policy', b'strict-origin-when-cross-origin'), (b'Access-Control-Max-Age', b'86400'), (b'Access-Control-Allow-Origin', b'https://huggingface.co'), (b'Vary', b'Origin, Accept'), (b'Access-Control-Expose-Headers', b'X-Repo-Commit,X-Request-Id,X-Error-Code,X-Error-Message,X-Total-Count,ETag,Link,Accept-Ranges,Content-Range,X-Linked-Size,X-Linked-ETag,X-Xet-Hash'), (b'X-Repo-Commit', b'607a30d783dfa663caf39e06633721c8d4cfcd7e'), (b'Accept-Ranges', b'bytes'), (b'X-Hub-Cache', b'HIT'), (b'X-Linked-Size', b'548105171'), (b'X-Linked-ETag', b'"248dfc3911869ec493c76e65bf2fcf7f615828b0254c12b473182f0f81d3a707"'), (b'X-Xet-Hash', b'63bed80836ee0758c8fd4f8975d59bb0b864263ee2753547c358e8a37cde8758'), (b'Link', b'<https://huggingface.co/api/models/openai-community/gpt2/xet-read-token/607a30d783dfa663caf39e06633721c8d4cfcd7e>; rel="xet-auth", <https://cas-server.xethub.hf.co/v1/reconstructions/63bed80836ee0758c8fd4f8975d59bb0b864263ee2753547c358e8a37cde8758>; rel="xet-reconstruction-info"'), (b'X-Cache', b'Miss from cloudfront'), (b'Via', b'1.1 f649a7c6e5fc5f853b7307be97ce7892.cloudfront.net (CloudFront)'), (b'X-Amz-Cf-Pop', b'ORD58-P13'), (b'X-Amz-Cf-Id', b'P_V5MONL-LeFdvMzTWMEZJXaVfRP8W6ma_vKON__8eZYrl_6N-6fsQ==')])
2026-02-11 15:01:08,446 - INFO - [_client.py:1025] - HTTP Request: HEAD https://huggingface.co/gpt2/resolve/main/model.safetensors "HTTP/1.1 302 Found"
2026-02-11 15:01:08,446 - DEBUG - [_trace.py:47] - receive_response_body.started request=<Request [b'HEAD']>
2026-02-11 15:01:08,446 - DEBUG - [_trace.py:47] - receive_response_body.complete
2026-02-11 15:01:08,447 - DEBUG - [_trace.py:47] - response_closed.started
2026-02-11 15:01:08,447 - DEBUG - [_trace.py:47] - response_closed.complete
2026-02-11 15:01:08,448 - DEBUG - [_api.py:331] - Attempting to acquire lock 136699694978048 on /home/acloudsecninja/.cache/huggingface/hub/.locks/models--gpt2/248dfc3911869ec493c76e65bf2fcf7f615828b0254c12b473182f0f81d3a707.lock
2026-02-11 15:01:08,448 - DEBUG - [_api.py:334] - Lock 136699694978048 acquired on /home/acloudsecninja/.cache/huggingface/hub/.locks/models--gpt2/248dfc3911869ec493c76e65bf2fcf7f615828b0254c12b473182f0f81d3a707.lock
2026-02-11 15:01:08,463 - DEBUG - [_trace.py:47] - send_request_headers.started request=<Request [b'GET']>
2026-02-11 15:01:08,464 - DEBUG - [_trace.py:47] - send_request_headers.complete
2026-02-11 15:01:08,464 - DEBUG - [_trace.py:47] - send_request_body.started request=<Request [b'GET']>
2026-02-11 15:01:08,464 - DEBUG - [_trace.py:47] - send_request_body.complete
2026-02-11 15:01:08,464 - DEBUG - [_trace.py:47] - receive_response_headers.started request=<Request [b'GET']>
2026-02-11 15:01:08,509 - DEBUG - [_trace.py:47] - receive_response_headers.complete return_value=(b'HTTP/1.1', 200, b'OK', [(b'Content-Type', b'application/json; charset=utf-8'), (b'Content-Length', b'365'), (b'Connection', b'keep-alive'), (b'Date', b'Wed, 11 Feb 2026 20:01:08 GMT'), (b'ETag', b'W/"16d-itbP+DVEUgp2n7TM5krfBRm+kzo"'), (b'X-Powered-By', b'huggingface-moon'), (b'X-Request-Id', b'Root=1-698ce004-26d722a00fab1a8120d5aa18;50d0eb7b-ac0a-4bcb-8155-b8d85d966910'), (b'RateLimit', b'"api";r=491;t=92'), (b'RateLimit-Policy', b'"fixed window";"api";q=500;w=300'), (b'cross-origin-opener-policy', b'same-origin'), (b'Referrer-Policy', b'strict-origin-when-cross-origin'), (b'Access-Control-Max-Age', b'86400'), (b'Access-Control-Allow-Origin', b'https://huggingface.co'), (b'Vary', b'Origin'), (b'Access-Control-Expose-Headers', b'X-Repo-Commit,X-Request-Id,X-Error-Code,X-Error-Message,X-Total-Count,ETag,Link,Accept-Ranges,Content-Range,X-Linked-Size,X-Linked-ETag,X-Xet-Hash'), (b'X-Xet-Cas-Url', b'https://cas-server.xethub.hf.co'), (b'X-Xet-Token-Expiration', b'1770840968'), (b'X-Xet-Access-Token', b'eyJhbGciOiJIUzI1NiJ9.eyJyZXBvSWQiOiI2MjFmZmRjMDM2NDY4ZDcwOWYxNzQzNGQiLCJ1c2VySWQiOiJwdWJsaWMiLCJhY2Nlc3MiOiJSRUFEIiwiaGZDZG5UaWVyIjoidW5hdXRoZW50aWNhdGVkIiwiaWF0IjoxNzcwODQwMDY4LCJleHAiOjE3NzA4NDA5NjgsImlzcyI6Imh0dHBzOi8vaHVnZ2luZ2ZhY2UuY28ifQ.Y_73gBJcrIDJ-gcJYtyVqduGOMl17fqZrCn7A_BsS9Y'), (b'X-Cache', b'Miss from cloudfront'), (b'Via', b'1.1 f649a7c6e5fc5f853b7307be97ce7892.cloudfront.net (CloudFront)'), (b'X-Amz-Cf-Pop', b'ORD58-P13'), (b'X-Amz-Cf-Id', b'86w3z8uR6wdnj5JRzKJvkxJEOQsAQVjv1QTI67s7nbpJ61YrszSrNQ==')])
2026-02-11 15:01:08,509 - INFO - [_client.py:1025] - HTTP Request: GET https://huggingface.co/api/models/openai-community/gpt2/xet-read-token/607a30d783dfa663caf39e06633721c8d4cfcd7e "HTTP/1.1 200 OK"
2026-02-11 15:01:08,509 - DEBUG - [_trace.py:47] - receive_response_body.started request=<Request [b'GET']>
2026-02-11 15:01:08,510 - DEBUG - [_trace.py:47] - receive_response_body.complete
2026-02-11 15:01:08,510 - DEBUG - [_trace.py:47] - response_closed.started
2026-02-11 15:01:08,510 - DEBUG - [_trace.py:47] - response_closed.complete
2026-02-11 15:01:13,284 - DEBUG - [_api.py:364] - Attempting to release lock 136699694978048 on /home/acloudsecninja/.cache/huggingface/hub/.locks/models--gpt2/248dfc3911869ec493c76e65bf2fcf7f615828b0254c12b473182f0f81d3a707.lock
2026-02-11 15:01:13,284 - DEBUG - [_api.py:367] - Lock 136699694978048 released on /home/acloudsecninja/.cache/huggingface/hub/.locks/models--gpt2/248dfc3911869ec493c76e65bf2fcf7f615828b0254c12b473182f0f81d3a707.lock
2026-02-11 15:01:13,569 - DEBUG - [_trace.py:47] - close.started
2026-02-11 15:01:13,570 - DEBUG - [_trace.py:47] - close.complete
2026-02-11 15:01:13,570 - DEBUG - [_trace.py:47] - connect_tcp.started host='huggingface.co' port=443 local_address=None timeout=10 socket_options=None
2026-02-11 15:01:13,612 - DEBUG - [_trace.py:47] - connect_tcp.complete return_value=<httpcore._backends.sync.SyncStream object at 0x7c53e1d5b2f0>
2026-02-11 15:01:13,613 - DEBUG - [_trace.py:47] - start_tls.started ssl_context=<ssl.SSLContext object at 0x7c53e1d6d5d0> server_hostname='huggingface.co' timeout=10
2026-02-11 15:01:13,650 - DEBUG - [_trace.py:47] - start_tls.complete return_value=<httpcore._backends.sync.SyncStream object at 0x7c542604aea0>
2026-02-11 15:01:13,651 - DEBUG - [_trace.py:47] - send_request_headers.started request=<Request [b'HEAD']>
2026-02-11 15:01:13,651 - DEBUG - [_trace.py:47] - send_request_headers.complete
2026-02-11 15:01:13,652 - DEBUG - [_trace.py:47] - send_request_body.started request=<Request [b'HEAD']>
2026-02-11 15:01:13,652 - DEBUG - [_trace.py:47] - send_request_body.complete
2026-02-11 15:01:13,652 - DEBUG - [_trace.py:47] - receive_response_headers.started request=<Request [b'HEAD']>
2026-02-11 15:01:13,702 - DEBUG - [_trace.py:47] - receive_response_headers.complete return_value=(b'HTTP/1.1', 200, b'OK', [(b'Content-Type', b'text/plain; charset=utf-8'), (b'Content-Length', b'124'), (b'Connection', b'keep-alive'), (b'Date', b'Wed, 11 Feb 2026 20:01:13 GMT'), (b'ETag', b'"3dc481ecc3b2c47a06ab4e20dba9d7f4b447bdf3"'), (b'X-Powered-By', b'huggingface-moon'), (b'X-Request-Id', b'Root=1-698ce009-50f02a8801e5da3e4d34ab05;490557d0-8da5-437d-9bcb-d3cb5ef58ff8'), (b'RateLimit', b'"resolvers";r=2979;t=87'), (b'RateLimit-Policy', b'"fixed window";"resolvers";q=3000;w=300'), (b'cross-origin-opener-policy', b'same-origin'), (b'Referrer-Policy', b'strict-origin-when-cross-origin'), (b'Access-Control-Max-Age', b'86400'), (b'Access-Control-Allow-Origin', b'https://huggingface.co'), (b'Vary', b'Origin'), (b'Access-Control-Expose-Headers', b'X-Repo-Commit,X-Request-Id,X-Error-Code,X-Error-Message,X-Total-Count,ETag,Link,Accept-Ranges,Content-Range,X-Linked-Size,X-Linked-ETag,X-Xet-Hash'), (b'X-Repo-Commit', b'607a30d783dfa663caf39e06633721c8d4cfcd7e'), (b'Accept-Ranges', b'bytes'), (b'X-Hub-Cache', b'HIT'), (b'Content-Disposition', b'inline; filename*=UTF-8\'\'generation_config.json; filename="generation_config.json";'), (b'Content-Security-Policy', b"default-src 'none'; sandbox"), (b'X-Cache', b'Miss from cloudfront'), (b'Via', b'1.1 a438ad6ffe2771c05c9219fe7847c334.cloudfront.net (CloudFront)'), (b'X-Amz-Cf-Pop', b'ORD58-P13'), (b'X-Amz-Cf-Id', b'eZQnWQDXCrtrXSbdzNO9FNQjauiHFWnTdHQNx_FPq_G_cKLELbjBhw==')])
2026-02-11 15:01:13,703 - INFO - [_client.py:1025] - HTTP Request: HEAD https://huggingface.co/gpt2/resolve/main/generation_config.json "HTTP/1.1 200 OK"
2026-02-11 15:01:13,703 - DEBUG - [_trace.py:47] - receive_response_body.started request=<Request [b'HEAD']>
2026-02-11 15:01:13,703 - DEBUG - [_trace.py:47] - receive_response_body.complete
2026-02-11 15:01:13,704 - DEBUG - [_trace.py:47] - response_closed.started
2026-02-11 15:01:13,704 - DEBUG - [_trace.py:47] - response_closed.complete
2026-02-11 15:01:13,704 - DEBUG - [_api.py:331] - Attempting to acquire lock 136699953049824 on /home/acloudsecninja/.cache/huggingface/hub/.locks/models--gpt2/3dc481ecc3b2c47a06ab4e20dba9d7f4b447bdf3.lock
2026-02-11 15:01:13,705 - DEBUG - [_api.py:334] - Lock 136699953049824 acquired on /home/acloudsecninja/.cache/huggingface/hub/.locks/models--gpt2/3dc481ecc3b2c47a06ab4e20dba9d7f4b447bdf3.lock
2026-02-11 15:01:13,705 - DEBUG - [_trace.py:47] - send_request_headers.started request=<Request [b'GET']>
2026-02-11 15:01:13,706 - DEBUG - [_trace.py:47] - send_request_headers.complete
2026-02-11 15:01:13,706 - DEBUG - [_trace.py:47] - send_request_body.started request=<Request [b'GET']>
2026-02-11 15:01:13,706 - DEBUG - [_trace.py:47] - send_request_body.complete
2026-02-11 15:01:13,706 - DEBUG - [_trace.py:47] - receive_response_headers.started request=<Request [b'GET']>
2026-02-11 15:01:13,770 - DEBUG - [_trace.py:47] - receive_response_headers.complete return_value=(b'HTTP/1.1', 200, b'OK', [(b'Content-Type', b'text/plain; charset=utf-8'), (b'Content-Length', b'124'), (b'Connection', b'keep-alive'), (b'Date', b'Wed, 11 Feb 2026 20:01:14 GMT'), (b'ETag', b'"3dc481ecc3b2c47a06ab4e20dba9d7f4b447bdf3"'), (b'X-Powered-By', b'huggingface-moon'), (b'X-Request-Id', b'Root=1-698ce00a-03632566176117d161df460f;4b3ad631-b150-40b9-8a56-50853278aec5'), (b'RateLimit', b'"resolvers";r=2978;t=86'), (b'RateLimit-Policy', b'"fixed window";"resolvers";q=3000;w=300'), (b'cross-origin-opener-policy', b'same-origin'), (b'Referrer-Policy', b'strict-origin-when-cross-origin'), (b'Access-Control-Max-Age', b'86400'), (b'Access-Control-Allow-Origin', b'https://huggingface.co'), (b'Vary', b'Origin'), (b'Access-Control-Expose-Headers', b'X-Repo-Commit,X-Request-Id,X-Error-Code,X-Error-Message,X-Total-Count,ETag,Link,Accept-Ranges,Content-Range,X-Linked-Size,X-Linked-ETag,X-Xet-Hash'), (b'X-Repo-Commit', b'607a30d783dfa663caf39e06633721c8d4cfcd7e'), (b'Accept-Ranges', b'bytes'), (b'Content-Disposition', b'inline; filename*=UTF-8\'\'generation_config.json; filename="generation_config.json";'), (b'Content-Security-Policy', b"default-src 'none'; sandbox"), (b'X-Cache', b'Miss from cloudfront'), (b'Via', b'1.1 a438ad6ffe2771c05c9219fe7847c334.cloudfront.net (CloudFront)'), (b'X-Amz-Cf-Pop', b'ORD58-P13'), (b'X-Amz-Cf-Id', b'K_LI0eLcakvIaNd-Bl1M9R4KUqoCwYFRcOSp6d5dYDv7IJ06obRvdQ==')])
2026-02-11 15:01:13,771 - INFO - [_client.py:1025] - HTTP Request: GET https://huggingface.co/gpt2/resolve/main/generation_config.json "HTTP/1.1 200 OK"
2026-02-11 15:01:13,771 - DEBUG - [_trace.py:47] - receive_response_body.started request=<Request [b'GET']>
2026-02-11 15:01:13,771 - DEBUG - [_trace.py:47] - receive_response_body.complete
2026-02-11 15:01:13,772 - DEBUG - [_trace.py:47] - response_closed.started
2026-02-11 15:01:13,772 - DEBUG - [_trace.py:47] - response_closed.complete
2026-02-11 15:01:13,772 - DEBUG - [_api.py:364] - Attempting to release lock 136699953049824 on /home/acloudsecninja/.cache/huggingface/hub/.locks/models--gpt2/3dc481ecc3b2c47a06ab4e20dba9d7f4b447bdf3.lock
2026-02-11 15:01:13,773 - DEBUG - [_api.py:367] - Lock 136699953049824 released on /home/acloudsecninja/.cache/huggingface/hub/.locks/models--gpt2/3dc481ecc3b2c47a06ab4e20dba9d7f4b447bdf3.lock
2026-02-11 15:01:13,773 - INFO - [offensive_security_ai.py:49] - Memory usage at after_model_load: 830.73 MB
2026-02-11 15:01:13,773 - INFO - [offensive_security_ai.py:150] - Model weights loaded successfully
2026-02-11 15:01:13,774 - INFO - [offensive_security_ai.py:153] - Moving model to CPU...
2026-02-11 15:01:13,775 - INFO - [offensive_security_ai.py:49] - Memory usage at after_model_to_cpu: 830.98 MB
2026-02-11 15:01:13,775 - INFO - [offensive_security_ai.py:160] - Set padding token to EOS token
2026-02-11 15:01:13,775 - INFO - [offensive_security_ai.py:164] - Setting max_length to 128 for memory efficiency
2026-02-11 15:01:13,776 - INFO - [offensive_security_ai.py:166] - Creating generation pipeline...
2026-02-11 15:01:13,776 - INFO - [offensive_security_ai.py:49] - Memory usage at before_pipeline: 830.98 MB
2026-02-11 15:01:13,777 - INFO - [offensive_security_ai.py:49] - Memory usage at after_pipeline: 830.98 MB
2026-02-11 15:01:13,777 - INFO - [offensive_security_ai.py:183] - Model loading completed successfully
2026-02-11 15:01:56,965 - INFO - [offensive_security_ai.py:49] - Memory usage at start_load_model: 728.57 MB
2026-02-11 15:01:56,965 - INFO - [offensive_security_ai.py:96] - Starting model loading process
2026-02-11 15:01:56,965 - INFO - [offensive_security_ai.py:97] - Model: gpt2, Device: cpu
2026-02-11 15:01:56,967 - INFO - [offensive_security_ai.py:106] - Loading model: gpt2
2026-02-11 15:01:56,967 - INFO - [offensive_security_ai.py:49] - Memory usage at before_tokenizer: 728.57 MB
2026-02-11 15:01:56,967 - INFO - [offensive_security_ai.py:117] - 8-bit quantization available
2026-02-11 15:01:56,967 - INFO - [offensive_security_ai.py:123] - Loading tokenizer...
2026-02-11 15:01:56,993 - DEBUG - [_trace.py:47] - connect_tcp.started host='huggingface.co' port=443 local_address=None timeout=10 socket_options=None
2026-02-11 15:01:57,088 - DEBUG - [_trace.py:47] - connect_tcp.complete return_value=<httpcore._backends.sync.SyncStream object at 0x749f727b9130>
2026-02-11 15:01:57,088 - DEBUG - [_trace.py:47] - start_tls.started ssl_context=<ssl.SSLContext object at 0x749f6dedd5d0> server_hostname='huggingface.co' timeout=10
2026-02-11 15:01:57,129 - DEBUG - [_trace.py:47] - start_tls.complete return_value=<httpcore._backends.sync.SyncStream object at 0x749f727dde50>
2026-02-11 15:01:57,129 - DEBUG - [_trace.py:47] - send_request_headers.started request=<Request [b'HEAD']>
2026-02-11 15:01:57,129 - DEBUG - [_trace.py:47] - send_request_headers.complete
2026-02-11 15:01:57,130 - DEBUG - [_trace.py:47] - send_request_body.started request=<Request [b'HEAD']>
2026-02-11 15:01:57,130 - DEBUG - [_trace.py:47] - send_request_body.complete
2026-02-11 15:01:57,130 - DEBUG - [_trace.py:47] - receive_response_headers.started request=<Request [b'HEAD']>
2026-02-11 15:01:57,181 - DEBUG - [_trace.py:47] - receive_response_headers.complete return_value=(b'HTTP/1.1', 200, b'OK', [(b'Content-Type', b'text/plain; charset=utf-8'), (b'Content-Length', b'665'), (b'Connection', b'keep-alive'), (b'Date', b'Wed, 11 Feb 2026 20:01:57 GMT'), (b'ETag', b'"10c66461e4c109db5a2196bff4bb59be30396ed8"'), (b'X-Powered-By', b'huggingface-moon'), (b'X-Request-Id', b'Root=1-698ce035-598901347a35d035561294c4;022be06c-5431-409e-9730-fa5cec636374'), (b'RateLimit', b'"resolvers";r=2977;t=43'), (b'RateLimit-Policy', b'"fixed window";"resolvers";q=3000;w=300'), (b'cross-origin-opener-policy', b'same-origin'), (b'Referrer-Policy', b'strict-origin-when-cross-origin'), (b'Access-Control-Max-Age', b'86400'), (b'Access-Control-Allow-Origin', b'https://huggingface.co'), (b'Vary', b'Origin'), (b'Access-Control-Expose-Headers', b'X-Repo-Commit,X-Request-Id,X-Error-Code,X-Error-Message,X-Total-Count,ETag,Link,Accept-Ranges,Content-Range,X-Linked-Size,X-Linked-ETag,X-Xet-Hash'), (b'X-Repo-Commit', b'607a30d783dfa663caf39e06633721c8d4cfcd7e'), (b'Accept-Ranges', b'bytes'), (b'X-Hub-Cache', b'HIT'), (b'Content-Disposition', b'inline; filename*=UTF-8\'\'config.json; filename="config.json";'), (b'Content-Security-Policy', b"default-src 'none'; sandbox"), (b'X-Cache', b'Miss from cloudfront'), (b'Via', b'1.1 761ed095a9f60cd544d9d9d6d3398e1c.cloudfront.net (CloudFront)'), (b'X-Amz-Cf-Pop', b'ORD58-P13'), (b'X-Amz-Cf-Id', b'YZR8WLlOWxLa1tUILNKU2c7qSNjRnqFzHF0a9OEkxpC2kF4-SgExPg==')])
2026-02-11 15:01:57,181 - INFO - [_client.py:1025] - HTTP Request: HEAD https://huggingface.co/gpt2/resolve/main/config.json "HTTP/1.1 200 OK"
2026-02-11 15:01:57,182 - DEBUG - [_trace.py:47] - receive_response_body.started request=<Request [b'HEAD']>
2026-02-11 15:01:57,182 - DEBUG - [_trace.py:47] - receive_response_body.complete
2026-02-11 15:01:57,182 - DEBUG - [_trace.py:47] - response_closed.started
2026-02-11 15:01:57,182 - DEBUG - [_trace.py:47] - response_closed.complete
2026-02-11 15:01:57,186 - DEBUG - [_trace.py:47] - send_request_headers.started request=<Request [b'HEAD']>
2026-02-11 15:01:57,186 - DEBUG - [_trace.py:47] - send_request_headers.complete
2026-02-11 15:01:57,186 - DEBUG - [_trace.py:47] - send_request_body.started request=<Request [b'HEAD']>
2026-02-11 15:01:57,187 - DEBUG - [_trace.py:47] - send_request_body.complete
2026-02-11 15:01:57,187 - DEBUG - [_trace.py:47] - receive_response_headers.started request=<Request [b'HEAD']>
2026-02-11 15:01:57,236 - DEBUG - [_trace.py:47] - receive_response_headers.complete return_value=(b'HTTP/1.1', 200, b'OK', [(b'Content-Type', b'text/plain; charset=utf-8'), (b'Content-Length', b'26'), (b'Connection', b'keep-alive'), (b'Date', b'Wed, 11 Feb 2026 20:01:57 GMT'), (b'ETag', b'"be4d21d94f3b4687e5a54d84bf6ab46ed0f8defd"'), (b'X-Powered-By', b'huggingface-moon'), (b'X-Request-Id', b'Root=1-698ce035-10ee9a720db24855594f85d0;b2d73784-91b9-4bae-8c6b-97b3fb3c35e9'), (b'RateLimit', b'"resolvers";r=2976;t=43'), (b'RateLimit-Policy', b'"fixed window";"resolvers";q=3000;w=300'), (b'cross-origin-opener-policy', b'same-origin'), (b'Referrer-Policy', b'strict-origin-when-cross-origin'), (b'Access-Control-Max-Age', b'86400'), (b'Access-Control-Allow-Origin', b'https://huggingface.co'), (b'Vary', b'Origin'), (b'Access-Control-Expose-Headers', b'X-Repo-Commit,X-Request-Id,X-Error-Code,X-Error-Message,X-Total-Count,ETag,Link,Accept-Ranges,Content-Range,X-Linked-Size,X-Linked-ETag,X-Xet-Hash'), (b'X-Repo-Commit', b'607a30d783dfa663caf39e06633721c8d4cfcd7e'), (b'Accept-Ranges', b'bytes'), (b'X-Hub-Cache', b'HIT'), (b'Content-Disposition', b'inline; filename*=UTF-8\'\'tokenizer_config.json; filename="tokenizer_config.json";'), (b'Content-Security-Policy', b"default-src 'none'; sandbox"), (b'X-Cache', b'Miss from cloudfront'), (b'Via', b'1.1 761ed095a9f60cd544d9d9d6d3398e1c.cloudfront.net (CloudFront)'), (b'X-Amz-Cf-Pop', b'ORD58-P13'), (b'X-Amz-Cf-Id', b'OJ4eFkX1Xi1mU-TxsKfQfIb-B0_Pz1c-9mGl_ZpGSa1Uvm5DdYP__w==')])
2026-02-11 15:01:57,236 - INFO - [_client.py:1025] - HTTP Request: HEAD https://huggingface.co/gpt2/resolve/main/tokenizer_config.json "HTTP/1.1 200 OK"
2026-02-11 15:01:57,237 - DEBUG - [_trace.py:47] - receive_response_body.started request=<Request [b'HEAD']>
2026-02-11 15:01:57,237 - DEBUG - [_trace.py:47] - receive_response_body.complete
2026-02-11 15:01:57,237 - DEBUG - [_trace.py:47] - response_closed.started
2026-02-11 15:01:57,237 - DEBUG - [_trace.py:47] - response_closed.complete
2026-02-11 15:01:57,239 - DEBUG - [_trace.py:47] - send_request_headers.started request=<Request [b'GET']>
2026-02-11 15:01:57,240 - DEBUG - [_trace.py:47] - send_request_headers.complete
2026-02-11 15:01:57,240 - DEBUG - [_trace.py:47] - send_request_body.started request=<Request [b'GET']>
2026-02-11 15:01:57,240 - DEBUG - [_trace.py:47] - send_request_body.complete
2026-02-11 15:01:57,240 - DEBUG - [_trace.py:47] - receive_response_headers.started request=<Request [b'GET']>
2026-02-11 15:01:57,287 - DEBUG - [_trace.py:47] - receive_response_headers.complete return_value=(b'HTTP/1.1', 307, b'Temporary Redirect', [(b'Content-Type', b'text/plain; charset=utf-8'), (b'Content-Length', b'133'), (b'Connection', b'keep-alive'), (b'Date', b'Wed, 11 Feb 2026 20:01:57 GMT'), (b'Location', b'/api/models/openai-community/gpt2/tree/main/additional_chat_templates?recursive=false&expand=false'), (b'X-Powered-By', b'huggingface-moon'), (b'X-Request-Id', b'Root=1-698ce035-0888bfcc162332ce1b4d4dcf;5931066b-fd74-4ae9-8198-7267156fc584'), (b'RateLimit', b'"api";r=490;t=43'), (b'RateLimit-Policy', b'"fixed window";"api";q=500;w=300'), (b'cross-origin-opener-policy', b'same-origin'), (b'Referrer-Policy', b'strict-origin-when-cross-origin'), (b'Access-Control-Max-Age', b'86400'), (b'Access-Control-Allow-Origin', b'https://huggingface.co'), (b'Vary', b'Origin, Accept'), (b'Access-Control-Expose-Headers', b'X-Repo-Commit,X-Request-Id,X-Error-Code,X-Error-Message,X-Total-Count,ETag,Link,Accept-Ranges,Content-Range,X-Linked-Size,X-Linked-ETag,X-Xet-Hash'), (b'X-Cache', b'Miss from cloudfront'), (b'Via', b'1.1 761ed095a9f60cd544d9d9d6d3398e1c.cloudfront.net (CloudFront)'), (b'X-Amz-Cf-Pop', b'ORD58-P13'), (b'X-Amz-Cf-Id', b'TK4Rs9jpNnqfCT3xxrMRkSbZdg9Wh7EIYrd2BSOM0PogO1hqcFPzKg==')])
2026-02-11 15:01:57,288 - INFO - [_client.py:1025] - HTTP Request: GET https://huggingface.co/api/models/gpt2/tree/main/additional_chat_templates?recursive=false&expand=false "HTTP/1.1 307 Temporary Redirect"
2026-02-11 15:01:57,289 - DEBUG - [_trace.py:47] - receive_response_body.started request=<Request [b'GET']>
2026-02-11 15:01:57,289 - DEBUG - [_trace.py:47] - receive_response_body.complete
2026-02-11 15:01:57,289 - DEBUG - [_trace.py:47] - response_closed.started
2026-02-11 15:01:57,289 - DEBUG - [_trace.py:47] - response_closed.complete
2026-02-11 15:01:57,290 - DEBUG - [_trace.py:47] - send_request_headers.started request=<Request [b'GET']>
2026-02-11 15:01:57,290 - DEBUG - [_trace.py:47] - send_request_headers.complete
2026-02-11 15:01:57,290 - DEBUG - [_trace.py:47] - send_request_body.started request=<Request [b'GET']>
2026-02-11 15:01:57,291 - DEBUG - [_trace.py:47] - send_request_body.complete
2026-02-11 15:01:57,291 - DEBUG - [_trace.py:47] - receive_response_headers.started request=<Request [b'GET']>
2026-02-11 15:01:57,339 - DEBUG - [_trace.py:47] - receive_response_headers.complete return_value=(b'HTTP/1.1', 404, b'Not Found', [(b'Content-Type', b'application/json; charset=utf-8'), (b'Content-Length', b'64'), (b'Connection', b'keep-alive'), (b'Date', b'Wed, 11 Feb 2026 20:01:57 GMT'), (b'ETag', b'W/"40-09f9IAqP13xarAhQxFS2W8rvRkM"'), (b'X-Powered-By', b'huggingface-moon'), (b'X-Request-Id', b'Root=1-698ce035-31e7e3fd5082b23e4044cb22;5931066b-fd74-4ae9-8198-7267156fc584'), (b'RateLimit', b'"api";r=489;t=43'), (b'RateLimit-Policy', b'"fixed window";"api";q=500;w=300'), (b'cross-origin-opener-policy', b'same-origin'), (b'Referrer-Policy', b'strict-origin-when-cross-origin'), (b'Access-Control-Max-Age', b'86400'), (b'Access-Control-Allow-Origin', b'https://huggingface.co'), (b'Vary', b'Origin'), (b'Access-Control-Expose-Headers', b'X-Repo-Commit,X-Request-Id,X-Error-Code,X-Error-Message,X-Total-Count,ETag,Link,Accept-Ranges,Content-Range,X-Linked-Size,X-Linked-ETag,X-Xet-Hash'), (b'X-Error-Code', b'EntryNotFound'), (b'X-Error-Message', b'additional_chat_templates does not exist on "main"'), (b'X-Cache', b'Error from cloudfront'), (b'Via', b'1.1 761ed095a9f60cd544d9d9d6d3398e1c.cloudfront.net (CloudFront)'), (b'X-Amz-Cf-Pop', b'ORD58-P13'), (b'X-Amz-Cf-Id', b'-oRvs5mSqBxSDTwt9d3KcuhjIbx20m6zH-vGSMCCTYgF1N0VDQYqzw==')])
2026-02-11 15:01:57,340 - INFO - [_client.py:1025] - HTTP Request: GET https://huggingface.co/api/models/openai-community/gpt2/tree/main/additional_chat_templates?recursive=false&expand=false "HTTP/1.1 404 Not Found"
2026-02-11 15:01:57,340 - DEBUG - [_trace.py:47] - receive_response_body.started request=<Request [b'GET']>
2026-02-11 15:01:57,341 - DEBUG - [_trace.py:47] - receive_response_body.complete
2026-02-11 15:01:57,341 - DEBUG - [_trace.py:47] - response_closed.started
2026-02-11 15:01:57,341 - DEBUG - [_trace.py:47] - response_closed.complete
2026-02-11 15:01:57,342 - DEBUG - [_trace.py:47] - send_request_headers.started request=<Request [b'GET']>
2026-02-11 15:01:57,342 - DEBUG - [_trace.py:47] - send_request_headers.complete
2026-02-11 15:01:57,342 - DEBUG - [_trace.py:47] - send_request_body.started request=<Request [b'GET']>
2026-02-11 15:01:57,343 - DEBUG - [_trace.py:47] - send_request_body.complete
2026-02-11 15:01:57,343 - DEBUG - [_trace.py:47] - receive_response_headers.started request=<Request [b'GET']>
2026-02-11 15:01:57,393 - DEBUG - [_trace.py:47] - receive_response_headers.complete return_value=(b'HTTP/1.1', 307, b'Temporary Redirect', [(b'Content-Type', b'text/plain; charset=utf-8'), (b'Content-Length', b'106'), (b'Connection', b'keep-alive'), (b'Date', b'Wed, 11 Feb 2026 20:01:58 GMT'), (b'Location', b'/api/models/openai-community/gpt2/tree/main?recursive=true&expand=false'), (b'X-Powered-By', b'huggingface-moon'), (b'X-Request-Id', b'Root=1-698ce036-2f43daea08378405748dad79;fb45b809-e9f0-4931-a298-be5079ece048'), (b'RateLimit', b'"api";r=488;t=42'), (b'RateLimit-Policy', b'"fixed window";"api";q=500;w=300'), (b'cross-origin-opener-policy', b'same-origin'), (b'Referrer-Policy', b'strict-origin-when-cross-origin'), (b'Access-Control-Max-Age', b'86400'), (b'Access-Control-Allow-Origin', b'https://huggingface.co'), (b'Vary', b'Origin, Accept'), (b'Access-Control-Expose-Headers', b'X-Repo-Commit,X-Request-Id,X-Error-Code,X-Error-Message,X-Total-Count,ETag,Link,Accept-Ranges,Content-Range,X-Linked-Size,X-Linked-ETag,X-Xet-Hash'), (b'X-Cache', b'Miss from cloudfront'), (b'Via', b'1.1 761ed095a9f60cd544d9d9d6d3398e1c.cloudfront.net (CloudFront)'), (b'X-Amz-Cf-Pop', b'ORD58-P13'), (b'X-Amz-Cf-Id', b'nO0sNzZ0ijakOTIDBmrKAordFR465_I3K_fUFzNAgY4nclPvG92Otg==')])
2026-02-11 15:01:57,393 - INFO - [_client.py:1025] - HTTP Request: GET https://huggingface.co/api/models/gpt2/tree/main?recursive=true&expand=false "HTTP/1.1 307 Temporary Redirect"
2026-02-11 15:01:57,394 - DEBUG - [_trace.py:47] - receive_response_body.started request=<Request [b'GET']>
2026-02-11 15:01:57,394 - DEBUG - [_trace.py:47] - receive_response_body.complete
2026-02-11 15:01:57,394 - DEBUG - [_trace.py:47] - response_closed.started
2026-02-11 15:01:57,394 - DEBUG - [_trace.py:47] - response_closed.complete
2026-02-11 15:01:57,395 - DEBUG - [_trace.py:47] - send_request_headers.started request=<Request [b'GET']>
2026-02-11 15:01:57,395 - DEBUG - [_trace.py:47] - send_request_headers.complete
2026-02-11 15:01:57,395 - DEBUG - [_trace.py:47] - send_request_body.started request=<Request [b'GET']>
2026-02-11 15:01:57,395 - DEBUG - [_trace.py:47] - send_request_body.complete
2026-02-11 15:01:57,396 - DEBUG - [_trace.py:47] - receive_response_headers.started request=<Request [b'GET']>
2026-02-11 15:01:57,448 - DEBUG - [_trace.py:47] - receive_response_headers.complete return_value=(b'HTTP/1.1', 200, b'OK', [(b'Content-Type', b'application/json; charset=utf-8'), (b'Content-Length', b'4996'), (b'Connection', b'keep-alive'), (b'Date', b'Wed, 11 Feb 2026 20:01:58 GMT'), (b'ETag', b'W/"1384-WuP2VtOliaeVcbf5Lfvi1yDSJd8"'), (b'X-Powered-By', b'huggingface-moon'), (b'X-Request-Id', b'Root=1-698ce036-59fc8b494ad2a1d278cd91bd;fb45b809-e9f0-4931-a298-be5079ece048'), (b'RateLimit', b'"api";r=487;t=42'), (b'RateLimit-Policy', b'"fixed window";"api";q=500;w=300'), (b'cross-origin-opener-policy', b'same-origin'), (b'Referrer-Policy', b'strict-origin-when-cross-origin'), (b'Access-Control-Max-Age', b'86400'), (b'Access-Control-Allow-Origin', b'https://huggingface.co'), (b'Vary', b'Origin'), (b'Access-Control-Expose-Headers', b'X-Repo-Commit,X-Request-Id,X-Error-Code,X-Error-Message,X-Total-Count,ETag,Link,Accept-Ranges,Content-Range,X-Linked-Size,X-Linked-ETag,X-Xet-Hash'), (b'X-Cache', b'Miss from cloudfront'), (b'Via', b'1.1 761ed095a9f60cd544d9d9d6d3398e1c.cloudfront.net (CloudFront)'), (b'X-Amz-Cf-Pop', b'ORD58-P13'), (b'X-Amz-Cf-Id', b'122txqk1CWUNt7xG69Gm2PkGNwxj8u4RyU2otS2OnFcpiuxqFSfB-A==')])
2026-02-11 15:01:57,449 - INFO - [_client.py:1025] - HTTP Request: GET https://huggingface.co/api/models/openai-community/gpt2/tree/main?recursive=true&expand=false "HTTP/1.1 200 OK"
2026-02-11 15:01:57,449 - DEBUG - [_trace.py:47] - receive_response_body.started request=<Request [b'GET']>
2026-02-11 15:01:57,450 - DEBUG - [_trace.py:47] - receive_response_body.complete
2026-02-11 15:01:57,450 - DEBUG - [_trace.py:47] - response_closed.started
2026-02-11 15:01:57,450 - DEBUG - [_trace.py:47] - response_closed.complete
2026-02-11 15:01:57,703 - INFO - [offensive_security_ai.py:49] - Memory usage at after_tokenizer: 776.41 MB
2026-02-11 15:01:57,704 - INFO - [offensive_security_ai.py:126] - Tokenizer loaded successfully
2026-02-11 15:01:57,704 - INFO - [offensive_security_ai.py:129] - Preparing model loading parameters...
2026-02-11 15:01:57,704 - INFO - [offensive_security_ai.py:141] - Loading model weights...
2026-02-11 15:01:57,705 - INFO - [offensive_security_ai.py:49] - Memory usage at before_model_load: 776.41 MB
2026-02-11 15:01:57,706 - DEBUG - [_trace.py:47] - send_request_headers.started request=<Request [b'HEAD']>
2026-02-11 15:01:57,706 - DEBUG - [_trace.py:47] - send_request_headers.complete
2026-02-11 15:01:57,706 - DEBUG - [_trace.py:47] - send_request_body.started request=<Request [b'HEAD']>
2026-02-11 15:01:57,707 - DEBUG - [_trace.py:47] - send_request_body.complete
2026-02-11 15:01:57,707 - DEBUG - [_trace.py:47] - receive_response_headers.started request=<Request [b'HEAD']>
2026-02-11 15:01:57,753 - DEBUG - [_trace.py:47] - receive_response_headers.complete return_value=(b'HTTP/1.1', 200, b'OK', [(b'Content-Type', b'text/plain; charset=utf-8'), (b'Content-Length', b'665'), (b'Connection', b'keep-alive'), (b'Date', b'Wed, 11 Feb 2026 20:01:58 GMT'), (b'ETag', b'"10c66461e4c109db5a2196bff4bb59be30396ed8"'), (b'X-Powered-By', b'huggingface-moon'), (b'X-Request-Id', b'Root=1-698ce036-22ef2a3741d8b5c509937c91;2e08bcc7-1332-497a-8e00-a650384cdac1'), (b'RateLimit', b'"resolvers";r=2975;t=42'), (b'RateLimit-Policy', b'"fixed window";"resolvers";q=3000;w=300'), (b'cross-origin-opener-policy', b'same-origin'), (b'Referrer-Policy', b'strict-origin-when-cross-origin'), (b'Access-Control-Max-Age', b'86400'), (b'Access-Control-Allow-Origin', b'https://huggingface.co'), (b'Vary', b'Origin'), (b'Access-Control-Expose-Headers', b'X-Repo-Commit,X-Request-Id,X-Error-Code,X-Error-Message,X-Total-Count,ETag,Link,Accept-Ranges,Content-Range,X-Linked-Size,X-Linked-ETag,X-Xet-Hash'), (b'X-Repo-Commit', b'607a30d783dfa663caf39e06633721c8d4cfcd7e'), (b'Accept-Ranges', b'bytes'), (b'X-Hub-Cache', b'HIT'), (b'Content-Disposition', b'inline; filename*=UTF-8\'\'config.json; filename="config.json";'), (b'Content-Security-Policy', b"default-src 'none'; sandbox"), (b'X-Cache', b'Miss from cloudfront'), (b'Via', b'1.1 761ed095a9f60cd544d9d9d6d3398e1c.cloudfront.net (CloudFront)'), (b'X-Amz-Cf-Pop', b'ORD58-P13'), (b'X-Amz-Cf-Id', b'Z4U65aLVuqSroTOW1m4wZ1pMDeyDh_Kel2pCAKWwUMydVgkLLQTIpw==')])
2026-02-11 15:01:57,754 - INFO - [_client.py:1025] - HTTP Request: HEAD https://huggingface.co/gpt2/resolve/main/config.json "HTTP/1.1 200 OK"
2026-02-11 15:01:57,754 - DEBUG - [_trace.py:47] - receive_response_body.started request=<Request [b'HEAD']>
2026-02-11 15:01:57,755 - DEBUG - [_trace.py:47] - receive_response_body.complete
2026-02-11 15:01:57,755 - DEBUG - [_trace.py:47] - response_closed.started
2026-02-11 15:01:57,755 - DEBUG - [_trace.py:47] - response_closed.complete
2026-02-11 15:01:58,105 - DEBUG - [_trace.py:47] - send_request_headers.started request=<Request [b'HEAD']>
2026-02-11 15:01:58,105 - DEBUG - [_trace.py:47] - send_request_headers.complete
2026-02-11 15:01:58,105 - DEBUG - [_trace.py:47] - send_request_body.started request=<Request [b'HEAD']>
2026-02-11 15:01:58,106 - DEBUG - [_trace.py:47] - send_request_body.complete
2026-02-11 15:01:58,106 - DEBUG - [_trace.py:47] - receive_response_headers.started request=<Request [b'HEAD']>
2026-02-11 15:01:58,159 - DEBUG - [_trace.py:47] - receive_response_headers.complete return_value=(b'HTTP/1.1', 200, b'OK', [(b'Content-Type', b'text/plain; charset=utf-8'), (b'Content-Length', b'124'), (b'Connection', b'keep-alive'), (b'Date', b'Wed, 11 Feb 2026 20:01:58 GMT'), (b'ETag', b'"3dc481ecc3b2c47a06ab4e20dba9d7f4b447bdf3"'), (b'X-Powered-By', b'huggingface-moon'), (b'X-Request-Id', b'Root=1-698ce036-20ae01310af39d0766a44c54;cec498b8-3b18-450e-af5d-a8b01f7c7f4c'), (b'RateLimit', b'"resolvers";r=2974;t=42'), (b'RateLimit-Policy', b'"fixed window";"resolvers";q=3000;w=300'), (b'cross-origin-opener-policy', b'same-origin'), (b'Referrer-Policy', b'strict-origin-when-cross-origin'), (b'Access-Control-Max-Age', b'86400'), (b'Access-Control-Allow-Origin', b'https://huggingface.co'), (b'Vary', b'Origin'), (b'Access-Control-Expose-Headers', b'X-Repo-Commit,X-Request-Id,X-Error-Code,X-Error-Message,X-Total-Count,ETag,Link,Accept-Ranges,Content-Range,X-Linked-Size,X-Linked-ETag,X-Xet-Hash'), (b'X-Repo-Commit', b'607a30d783dfa663caf39e06633721c8d4cfcd7e'), (b'Accept-Ranges', b'bytes'), (b'X-Hub-Cache', b'HIT'), (b'Content-Disposition', b'inline; filename*=UTF-8\'\'generation_config.json; filename="generation_config.json";'), (b'Content-Security-Policy', b"default-src 'none'; sandbox"), (b'X-Cache', b'Miss from cloudfront'), (b'Via', b'1.1 761ed095a9f60cd544d9d9d6d3398e1c.cloudfront.net (CloudFront)'), (b'X-Amz-Cf-Pop', b'ORD58-P13'), (b'X-Amz-Cf-Id', b'xU2I2Ux-neEpAMwL2jUhN1Wdu9xSeT1wpzUud2b2X4rQuEd4RwI6ew==')])
2026-02-11 15:01:58,160 - INFO - [_client.py:1025] - HTTP Request: HEAD https://huggingface.co/gpt2/resolve/main/generation_config.json "HTTP/1.1 200 OK"
2026-02-11 15:01:58,160 - DEBUG - [_trace.py:47] - receive_response_body.started request=<Request [b'HEAD']>
2026-02-11 15:01:58,160 - DEBUG - [_trace.py:47] - receive_response_body.complete
2026-02-11 15:01:58,161 - DEBUG - [_trace.py:47] - response_closed.started
2026-02-11 15:01:58,161 - DEBUG - [_trace.py:47] - response_closed.complete
2026-02-11 15:01:58,162 - INFO - [offensive_security_ai.py:49] - Memory usage at after_model_load: 791.29 MB
2026-02-11 15:01:58,163 - INFO - [offensive_security_ai.py:150] - Model weights loaded successfully
2026-02-11 15:01:58,163 - INFO - [offensive_security_ai.py:153] - Moving model to CPU...
2026-02-11 15:01:58,164 - INFO - [offensive_security_ai.py:49] - Memory usage at after_model_to_cpu: 791.41 MB
2026-02-11 15:01:58,165 - INFO - [offensive_security_ai.py:160] - Set padding token to EOS token
2026-02-11 15:01:58,165 - INFO - [offensive_security_ai.py:164] - Setting max_length to 128 for memory efficiency
2026-02-11 15:01:58,165 - INFO - [offensive_security_ai.py:166] - Creating generation pipeline...
2026-02-11 15:01:58,165 - INFO - [offensive_security_ai.py:49] - Memory usage at before_pipeline: 791.41 MB
2026-02-11 15:01:58,166 - INFO - [offensive_security_ai.py:49] - Memory usage at after_pipeline: 791.41 MB
2026-02-11 15:01:58,166 - INFO - [offensive_security_ai.py:183] - Model loading completed successfully
2026-02-11 15:02:28,949 - ERROR - [offensive_security_ai.py:292] - Scan failed: Command '['ping', '-n', '4', '192.168.1.177']' timed out after 30 seconds
2026-02-11 15:03:16,755 - INFO - [offensive_security_ai.py:324] - Payload analysis completed
2026-02-11 15:03:16,756 - INFO - [offensive_security_ai.py:324] - Payload analysis completed
2026-02-11 15:03:16,756 - INFO - [offensive_security_ai.py:324] - Payload analysis completed
2026-02-11 15:03:16,761 - INFO - [offensive_security_ai.py:373] - Report saved to security_test_report.json
2026-02-11 15:03:16,804 - DEBUG - [_trace.py:47] - close.started
2026-02-11 15:03:16,805 - DEBUG - [_trace.py:47] - close.complete
